sample	patient	patient_id	sample_type	mandard_group	treatment_group	sig_name	aetiology	best_match	cosmic_name	prop	sig_cat
01-006-T	P38	006	Baseline	good	B	Signature_1	defective DNA mismatch repair	Best match: SBS6 [cosine-similarity: 0.854]	SBS6	2.690771670291721e-13	SBS6
01-006-T	P38	006	Baseline	good	B	Signature_2	defective DNA mismatch repair	Best match: SBS6 [cosine-similarity: 0.608]	SBS6	5.5145615411943913e-11	SBS6
01-006-T	P38	006	Baseline	good	B	Signature_3	Unknown	Best match: SBS5 [cosine-similarity: 0.74]	SBS5	0.7546464590781361	SBS5
01-006-T	P38	006	Baseline	good	B	Signature_4	Unknown	Best match: SBS5 [cosine-similarity: 0.73]	SBS5	0.21063416824806086	SBS5
01-006-T	P38	006	Baseline	good	B	Signature_5	APOBEC Cytidine Deaminase (C>T)	Best match: SBS2 [cosine-similarity: 0.705]	SBS2	6.870788222932806e-4	SBS2/13
01-006-T	P38	006	Baseline	good	B	Signature_6	APOBEC Cytidine Deaminase (C>G)	Best match: SBS13 [cosine-similarity: 0.728]	SBS13	0.0340322899886307	SBS2/13
01-006-T	P38	006	Baseline	good	B	Signature_7	Possible exposure to chemotherapy	Best match: SBS25 [cosine-similarity: 0.674]	SBS25	3.8074637512204996e-9	SBS25
01-006-T	P38	006	Baseline	good	B	Signature_8	Unknown	Best match: SBS5 [cosine-similarity: 0.745]	SBS5	6.928890073953091e-16	SBS5
01-008-T	NA	008	Baseline	good	A	Signature_1	defective DNA mismatch repair	Best match: SBS6 [cosine-similarity: 0.854]	SBS6	0.18360387344834087	SBS6
01-008-T	NA	008	Baseline	good	A	Signature_2	defective DNA mismatch repair	Best match: SBS6 [cosine-similarity: 0.608]	SBS6	0.021362862101039888	SBS6
01-008-T	NA	008	Baseline	good	A	Signature_3	Unknown	Best match: SBS5 [cosine-similarity: 0.74]	SBS5	0.2594293499109804	SBS5
01-008-T	NA	008	Baseline	good	A	Signature_4	Unknown	Best match: SBS5 [cosine-similarity: 0.73]	SBS5	1.433696951213731e-12	SBS5
01-008-T	NA	008	Baseline	good	A	Signature_5	APOBEC Cytidine Deaminase (C>T)	Best match: SBS2 [cosine-similarity: 0.705]	SBS2	0.3642077070672919	SBS2/13
01-008-T	NA	008	Baseline	good	A	Signature_6	APOBEC Cytidine Deaminase (C>G)	Best match: SBS13 [cosine-similarity: 0.728]	SBS13	0.015791583889961863	SBS2/13
01-008-T	NA	008	Baseline	good	A	Signature_7	Possible exposure to chemotherapy	Best match: SBS25 [cosine-similarity: 0.674]	SBS25	0.02850410005464675	SBS25
01-008-T	NA	008	Baseline	good	A	Signature_8	Unknown	Best match: SBS5 [cosine-similarity: 0.745]	SBS5	0.12710052352630474	SBS5
01-009-T	NA	009	Baseline	poor	B	Signature_1	defective DNA mismatch repair	Best match: SBS6 [cosine-similarity: 0.854]	SBS6	0.37502216700294994	SBS6
01-009-T	NA	009	Baseline	poor	B	Signature_2	defective DNA mismatch repair	Best match: SBS6 [cosine-similarity: 0.608]	SBS6	3.728566786799584e-4	SBS6
01-009-T	NA	009	Baseline	poor	B	Signature_3	Unknown	Best match: SBS5 [cosine-similarity: 0.74]	SBS5	2.4650050577898885e-7	SBS5
01-009-T	NA	009	Baseline	poor	B	Signature_4	Unknown	Best match: SBS5 [cosine-similarity: 0.73]	SBS5	0.07636212183440053	SBS5
01-009-T	NA	009	Baseline	poor	B	Signature_5	APOBEC Cytidine Deaminase (C>T)	Best match: SBS2 [cosine-similarity: 0.705]	SBS2	0.07453176587607618	SBS2/13
01-009-T	NA	009	Baseline	poor	B	Signature_6	APOBEC Cytidine Deaminase (C>G)	Best match: SBS13 [cosine-similarity: 0.728]	SBS13	6.877335096565862e-15	SBS2/13
01-009-T	NA	009	Baseline	poor	B	Signature_7	Possible exposure to chemotherapy	Best match: SBS25 [cosine-similarity: 0.674]	SBS25	0.47371084210737385	SBS25
01-009-T	NA	009	Baseline	poor	B	Signature_8	Unknown	Best match: SBS5 [cosine-similarity: 0.745]	SBS5	6.877335096565862e-15	SBS5
01-010-T	NA	010	Baseline	good	B	Signature_1	defective DNA mismatch repair	Best match: SBS6 [cosine-similarity: 0.854]	SBS6	1.009643210142826e-14	SBS6
01-010-T	NA	010	Baseline	good	B	Signature_2	defective DNA mismatch repair	Best match: SBS6 [cosine-similarity: 0.608]	SBS6	1.009643210142826e-14	SBS6
01-010-T	NA	010	Baseline	good	B	Signature_3	Unknown	Best match: SBS5 [cosine-similarity: 0.74]	SBS5	1.009643210142826e-14	SBS5
01-010-T	NA	010	Baseline	good	B	Signature_4	Unknown	Best match: SBS5 [cosine-similarity: 0.73]	SBS5	1.009643210142826e-14	SBS5
01-010-T	NA	010	Baseline	good	B	Signature_5	APOBEC Cytidine Deaminase (C>T)	Best match: SBS2 [cosine-similarity: 0.705]	SBS2	1.009643210142826e-14	SBS2/13
01-010-T	NA	010	Baseline	good	B	Signature_6	APOBEC Cytidine Deaminase (C>G)	Best match: SBS13 [cosine-similarity: 0.728]	SBS13	1.009643210142826e-14	SBS2/13
01-010-T	NA	010	Baseline	good	B	Signature_7	Possible exposure to chemotherapy	Best match: SBS25 [cosine-similarity: 0.674]	SBS25	0.9999999999999293	SBS25
01-010-T	NA	010	Baseline	good	B	Signature_8	Unknown	Best match: SBS5 [cosine-similarity: 0.745]	SBS5	1.009643210142826e-14	SBS5
01-011-T	NA	011	Baseline	good	C	Signature_1	defective DNA mismatch repair	Best match: SBS6 [cosine-similarity: 0.854]	SBS6	0.09560488200569049	SBS6
01-011-T	NA	011	Baseline	good	C	Signature_2	defective DNA mismatch repair	Best match: SBS6 [cosine-similarity: 0.608]	SBS6	0.20542227827277243	SBS6
01-011-T	NA	011	Baseline	good	C	Signature_3	Unknown	Best match: SBS5 [cosine-similarity: 0.74]	SBS5	0.05318475596419088	SBS5
01-011-T	NA	011	Baseline	good	C	Signature_4	Unknown	Best match: SBS5 [cosine-similarity: 0.73]	SBS5	0.17793984922356695	SBS5
01-011-T	NA	011	Baseline	good	C	Signature_5	APOBEC Cytidine Deaminase (C>T)	Best match: SBS2 [cosine-similarity: 0.705]	SBS2	6.784825346616299e-15	SBS2/13
01-011-T	NA	011	Baseline	good	C	Signature_6	APOBEC Cytidine Deaminase (C>G)	Best match: SBS13 [cosine-similarity: 0.728]	SBS13	0.24408729676348742	SBS2/13
01-011-T	NA	011	Baseline	good	C	Signature_7	Possible exposure to chemotherapy	Best match: SBS25 [cosine-similarity: 0.674]	SBS25	0.047524954034305227	SBS25
01-011-T	NA	011	Baseline	good	C	Signature_8	Unknown	Best match: SBS5 [cosine-similarity: 0.745]	SBS5	0.17623598373597973	SBS5
01-012-T	P39	012	Baseline	good	A	Signature_1	defective DNA mismatch repair	Best match: SBS6 [cosine-similarity: 0.854]	SBS6	0.44711322580231694	SBS6
01-012-T	P39	012	Baseline	good	A	Signature_2	defective DNA mismatch repair	Best match: SBS6 [cosine-similarity: 0.608]	SBS6	0.012566648199689246	SBS6
01-012-T	P39	012	Baseline	good	A	Signature_3	Unknown	Best match: SBS5 [cosine-similarity: 0.74]	SBS5	0.08452131986238805	SBS5
01-012-T	P39	012	Baseline	good	A	Signature_4	Unknown	Best match: SBS5 [cosine-similarity: 0.73]	SBS5	0.1136746991789045	SBS5
01-012-T	P39	012	Baseline	good	A	Signature_5	APOBEC Cytidine Deaminase (C>T)	Best match: SBS2 [cosine-similarity: 0.705]	SBS2	0.08168946553857771	SBS2/13
01-012-T	P39	012	Baseline	good	A	Signature_6	APOBEC Cytidine Deaminase (C>G)	Best match: SBS13 [cosine-similarity: 0.728]	SBS13	0.041912173390688603	SBS2/13
01-012-T	P39	012	Baseline	good	A	Signature_7	Possible exposure to chemotherapy	Best match: SBS25 [cosine-similarity: 0.674]	SBS25	8.774111258049819e-15	SBS25
01-012-T	P39	012	Baseline	good	A	Signature_8	Unknown	Best match: SBS5 [cosine-similarity: 0.745]	SBS5	0.21852246802742614	SBS5
01-013-T	P43	013	Baseline	good	C	Signature_1	defective DNA mismatch repair	Best match: SBS6 [cosine-similarity: 0.854]	SBS6	0.3940211226257348	SBS6
01-013-T	P43	013	Baseline	good	C	Signature_2	defective DNA mismatch repair	Best match: SBS6 [cosine-similarity: 0.608]	SBS6	0.1625103754153677	SBS6
01-013-T	P43	013	Baseline	good	C	Signature_3	Unknown	Best match: SBS5 [cosine-similarity: 0.74]	SBS5	0.00509631668673212	SBS5
01-013-T	P43	013	Baseline	good	C	Signature_4	Unknown	Best match: SBS5 [cosine-similarity: 0.73]	SBS5	0.2114279074844822	SBS5
01-013-T	P43	013	Baseline	good	C	Signature_5	APOBEC Cytidine Deaminase (C>T)	Best match: SBS2 [cosine-similarity: 0.705]	SBS2	5.992713927671991e-15	SBS2/13
01-013-T	P43	013	Baseline	good	C	Signature_6	APOBEC Cytidine Deaminase (C>G)	Best match: SBS13 [cosine-similarity: 0.728]	SBS13	0.05877530502147705	SBS2/13
01-013-T	P43	013	Baseline	good	C	Signature_7	Possible exposure to chemotherapy	Best match: SBS25 [cosine-similarity: 0.674]	SBS25	0.03521861565426638	SBS25
01-013-T	P43	013	Baseline	good	C	Signature_8	Unknown	Best match: SBS5 [cosine-similarity: 0.745]	SBS5	0.13295035711193381	SBS5
01-014-T	P40	014	Baseline	poor	C	Signature_1	defective DNA mismatch repair	Best match: SBS6 [cosine-similarity: 0.854]	SBS6	0.6062854922125146	SBS6
01-014-T	P40	014	Baseline	poor	C	Signature_2	defective DNA mismatch repair	Best match: SBS6 [cosine-similarity: 0.608]	SBS6	8.375659680839561e-15	SBS6
01-014-T	P40	014	Baseline	poor	C	Signature_3	Unknown	Best match: SBS5 [cosine-similarity: 0.74]	SBS5	8.375659680839561e-15	SBS5
01-014-T	P40	014	Baseline	poor	C	Signature_4	Unknown	Best match: SBS5 [cosine-similarity: 0.73]	SBS5	0.10019462184157919	SBS5
01-014-T	P40	014	Baseline	poor	C	Signature_5	APOBEC Cytidine Deaminase (C>T)	Best match: SBS2 [cosine-similarity: 0.705]	SBS2	0.10030539584295634	SBS2/13
01-014-T	P40	014	Baseline	poor	C	Signature_6	APOBEC Cytidine Deaminase (C>G)	Best match: SBS13 [cosine-similarity: 0.728]	SBS13	0.049128703482762694	SBS2/13
01-014-T	P40	014	Baseline	poor	C	Signature_7	Possible exposure to chemotherapy	Best match: SBS25 [cosine-similarity: 0.674]	SBS25	0.09454787298500514	SBS25
01-014-T	P40	014	Baseline	poor	C	Signature_8	Unknown	Best match: SBS5 [cosine-similarity: 0.745]	SBS5	0.04953791363516525	SBS5
01-015-T	NA	015	Baseline	good	A	Signature_1	defective DNA mismatch repair	Best match: SBS6 [cosine-similarity: 0.854]	SBS6	0.6257537974414632	SBS6
01-015-T	NA	015	Baseline	good	A	Signature_2	defective DNA mismatch repair	Best match: SBS6 [cosine-similarity: 0.608]	SBS6	0.10391519035713086	SBS6
01-015-T	NA	015	Baseline	good	A	Signature_3	Unknown	Best match: SBS5 [cosine-similarity: 0.74]	SBS5	4.900941724989584e-14	SBS5
01-015-T	NA	015	Baseline	good	A	Signature_4	Unknown	Best match: SBS5 [cosine-similarity: 0.73]	SBS5	0.03184735285914096	SBS5
01-015-T	NA	015	Baseline	good	A	Signature_5	APOBEC Cytidine Deaminase (C>T)	Best match: SBS2 [cosine-similarity: 0.705]	SBS2	0.15832130255128898	SBS2/13
01-015-T	NA	015	Baseline	good	A	Signature_6	APOBEC Cytidine Deaminase (C>G)	Best match: SBS13 [cosine-similarity: 0.728]	SBS13	8.806167863663646e-15	SBS2/13
01-015-T	NA	015	Baseline	good	A	Signature_7	Possible exposure to chemotherapy	Best match: SBS25 [cosine-similarity: 0.674]	SBS25	0.08016235679090936	SBS25
01-015-T	NA	015	Baseline	good	A	Signature_8	Unknown	Best match: SBS5 [cosine-similarity: 0.745]	SBS5	8.806167863663646e-15	SBS5
01-016-T	P41	016	Baseline	good	A	Signature_1	defective DNA mismatch repair	Best match: SBS6 [cosine-similarity: 0.854]	SBS6	1.1284498120755141e-10	SBS6
01-016-T	P41	016	Baseline	good	A	Signature_2	defective DNA mismatch repair	Best match: SBS6 [cosine-similarity: 0.608]	SBS6	0.29927893137369976	SBS6
01-016-T	P41	016	Baseline	good	A	Signature_3	Unknown	Best match: SBS5 [cosine-similarity: 0.74]	SBS5	4.771120614567392e-10	SBS5
01-016-T	P41	016	Baseline	good	A	Signature_4	Unknown	Best match: SBS5 [cosine-similarity: 0.73]	SBS5	0.17738148968480627	SBS5
01-016-T	P41	016	Baseline	good	A	Signature_5	APOBEC Cytidine Deaminase (C>T)	Best match: SBS2 [cosine-similarity: 0.705]	SBS2	0.3066173432255767	SBS2/13
01-016-T	P41	016	Baseline	good	A	Signature_6	APOBEC Cytidine Deaminase (C>G)	Best match: SBS13 [cosine-similarity: 0.728]	SBS13	7.357554721099199e-15	SBS2/13
01-016-T	P41	016	Baseline	good	A	Signature_7	Possible exposure to chemotherapy	Best match: SBS25 [cosine-similarity: 0.674]	SBS25	0.017712887893283562	SBS25
01-016-T	P41	016	Baseline	good	A	Signature_8	Unknown	Best match: SBS5 [cosine-similarity: 0.745]	SBS5	0.1990093472326693	SBS5
01-017-T	P42	017	Baseline	good	C	Signature_1	defective DNA mismatch repair	Best match: SBS6 [cosine-similarity: 0.854]	SBS6	0.04975227377432482	SBS6
01-017-T	P42	017	Baseline	good	C	Signature_2	defective DNA mismatch repair	Best match: SBS6 [cosine-similarity: 0.608]	SBS6	0.03190801784669818	SBS6
01-017-T	P42	017	Baseline	good	C	Signature_3	Unknown	Best match: SBS5 [cosine-similarity: 0.74]	SBS5	0.04933771422101512	SBS5
01-017-T	P42	017	Baseline	good	C	Signature_4	Unknown	Best match: SBS5 [cosine-similarity: 0.73]	SBS5	0.09214258225217846	SBS5
01-017-T	P42	017	Baseline	good	C	Signature_5	APOBEC Cytidine Deaminase (C>T)	Best match: SBS2 [cosine-similarity: 0.705]	SBS2	0.2766517745619283	SBS2/13
01-017-T	P42	017	Baseline	good	C	Signature_6	APOBEC Cytidine Deaminase (C>G)	Best match: SBS13 [cosine-similarity: 0.728]	SBS13	1.0305953352713772e-14	SBS2/13
01-017-T	P42	017	Baseline	good	C	Signature_7	Possible exposure to chemotherapy	Best match: SBS25 [cosine-similarity: 0.674]	SBS25	0.14493069018902802	SBS25
01-017-T	P42	017	Baseline	good	C	Signature_8	Unknown	Best match: SBS5 [cosine-similarity: 0.745]	SBS5	0.35527694715481684	SBS5
01-018-T	P46	018	Baseline	good	B	Signature_1	defective DNA mismatch repair	Best match: SBS6 [cosine-similarity: 0.854]	SBS6	0.001504146219546818	SBS6
01-018-T	P46	018	Baseline	good	B	Signature_2	defective DNA mismatch repair	Best match: SBS6 [cosine-similarity: 0.608]	SBS6	0.024996120003774273	SBS6
01-018-T	P46	018	Baseline	good	B	Signature_3	Unknown	Best match: SBS5 [cosine-similarity: 0.74]	SBS5	0.10384627650757365	SBS5
01-018-T	P46	018	Baseline	good	B	Signature_4	Unknown	Best match: SBS5 [cosine-similarity: 0.73]	SBS5	0.010824232852758884	SBS5
01-018-T	P46	018	Baseline	good	B	Signature_5	APOBEC Cytidine Deaminase (C>T)	Best match: SBS2 [cosine-similarity: 0.705]	SBS2	0.2060572153298719	SBS2/13
01-018-T	P46	018	Baseline	good	B	Signature_6	APOBEC Cytidine Deaminase (C>G)	Best match: SBS13 [cosine-similarity: 0.728]	SBS13	0.034557233110746634	SBS2/13
01-018-T	P46	018	Baseline	good	B	Signature_7	Possible exposure to chemotherapy	Best match: SBS25 [cosine-similarity: 0.674]	SBS25	0.18826681246702803	SBS25
01-018-T	P46	018	Baseline	good	B	Signature_8	Unknown	Best match: SBS5 [cosine-similarity: 0.745]	SBS5	0.4299479635086998	SBS5
01-021-T	P44	021	Baseline	good	A	Signature_1	defective DNA mismatch repair	Best match: SBS6 [cosine-similarity: 0.854]	SBS6	0.4998601780719188	SBS6
01-021-T	P44	021	Baseline	good	A	Signature_2	defective DNA mismatch repair	Best match: SBS6 [cosine-similarity: 0.608]	SBS6	1.001643096655462e-14	SBS6
01-021-T	P44	021	Baseline	good	A	Signature_3	Unknown	Best match: SBS5 [cosine-similarity: 0.74]	SBS5	1.001643096655462e-14	SBS5
01-021-T	P44	021	Baseline	good	A	Signature_4	Unknown	Best match: SBS5 [cosine-similarity: 0.73]	SBS5	0.0036762746397783924	SBS5
01-021-T	P44	021	Baseline	good	A	Signature_5	APOBEC Cytidine Deaminase (C>T)	Best match: SBS2 [cosine-similarity: 0.705]	SBS2	0.14456833342785458	SBS2/13
01-021-T	P44	021	Baseline	good	A	Signature_6	APOBEC Cytidine Deaminase (C>G)	Best match: SBS13 [cosine-similarity: 0.728]	SBS13	0.06322536059484932	SBS2/13
01-021-T	P44	021	Baseline	good	A	Signature_7	Possible exposure to chemotherapy	Best match: SBS25 [cosine-similarity: 0.674]	SBS25	0.05622397027575223	SBS25
01-021-T	P44	021	Baseline	good	A	Signature_8	Unknown	Best match: SBS5 [cosine-similarity: 0.745]	SBS5	0.2324458829898267	SBS5
01-022-T	P45	022	Baseline	poor	B	Signature_1	defective DNA mismatch repair	Best match: SBS6 [cosine-similarity: 0.854]	SBS6	2.1023082090064365e-14	SBS6
01-022-T	P45	022	Baseline	poor	B	Signature_2	defective DNA mismatch repair	Best match: SBS6 [cosine-similarity: 0.608]	SBS6	0.14848643756793525	SBS6
01-022-T	P45	022	Baseline	poor	B	Signature_3	Unknown	Best match: SBS5 [cosine-similarity: 0.74]	SBS5	0.10394616965054464	SBS5
01-022-T	P45	022	Baseline	poor	B	Signature_4	Unknown	Best match: SBS5 [cosine-similarity: 0.73]	SBS5	2.1023082090064365e-14	SBS5
01-022-T	P45	022	Baseline	poor	B	Signature_5	APOBEC Cytidine Deaminase (C>T)	Best match: SBS2 [cosine-similarity: 0.705]	SBS2	2.1023082090064365e-14	SBS2/13
01-022-T	P45	022	Baseline	poor	B	Signature_6	APOBEC Cytidine Deaminase (C>G)	Best match: SBS13 [cosine-similarity: 0.728]	SBS13	6.986023857350742e-12	SBS2/13
01-022-T	P45	022	Baseline	poor	B	Signature_7	Possible exposure to chemotherapy	Best match: SBS25 [cosine-similarity: 0.674]	SBS25	0.6599818863817842	SBS25
01-022-T	P45	022	Baseline	poor	B	Signature_8	Unknown	Best match: SBS5 [cosine-similarity: 0.745]	SBS5	0.08758550639268675	SBS5
01-028-T	P03	028	Baseline	poor	C	Signature_1	defective DNA mismatch repair	Best match: SBS6 [cosine-similarity: 0.854]	SBS6	0.0245945493619472	SBS6
01-028-T	P03	028	Baseline	poor	C	Signature_2	defective DNA mismatch repair	Best match: SBS6 [cosine-similarity: 0.608]	SBS6	0.11056465976589686	SBS6
01-028-T	P03	028	Baseline	poor	C	Signature_3	Unknown	Best match: SBS5 [cosine-similarity: 0.74]	SBS5	0.06833956468032892	SBS5
01-028-T	P03	028	Baseline	poor	C	Signature_4	Unknown	Best match: SBS5 [cosine-similarity: 0.73]	SBS5	9.315676962179844e-7	SBS5
01-028-T	P03	028	Baseline	poor	C	Signature_5	APOBEC Cytidine Deaminase (C>T)	Best match: SBS2 [cosine-similarity: 0.705]	SBS2	1.3053890035328783e-14	SBS2/13
01-028-T	P03	028	Baseline	poor	C	Signature_6	APOBEC Cytidine Deaminase (C>G)	Best match: SBS13 [cosine-similarity: 0.728]	SBS13	0.07089121707850894	SBS2/13
01-028-T	P03	028	Baseline	poor	C	Signature_7	Possible exposure to chemotherapy	Best match: SBS25 [cosine-similarity: 0.674]	SBS25	0.4962772312221427	SBS25
01-028-T	P03	028	Baseline	poor	C	Signature_8	Unknown	Best match: SBS5 [cosine-similarity: 0.745]	SBS5	0.22933184632346612	SBS5
01-030-T	P05	030	Baseline	good	B	Signature_1	defective DNA mismatch repair	Best match: SBS6 [cosine-similarity: 0.854]	SBS6	0.07911296830433928	SBS6
01-030-T	P05	030	Baseline	good	B	Signature_2	defective DNA mismatch repair	Best match: SBS6 [cosine-similarity: 0.608]	SBS6	7.878111416627796e-15	SBS6
01-030-T	P05	030	Baseline	good	B	Signature_3	Unknown	Best match: SBS5 [cosine-similarity: 0.74]	SBS5	0.03847933167745378	SBS5
01-030-T	P05	030	Baseline	good	B	Signature_4	Unknown	Best match: SBS5 [cosine-similarity: 0.73]	SBS5	0.06445502761627311	SBS5
01-030-T	P05	030	Baseline	good	B	Signature_5	APOBEC Cytidine Deaminase (C>T)	Best match: SBS2 [cosine-similarity: 0.705]	SBS2	0.10979053175659678	SBS2/13
01-030-T	P05	030	Baseline	good	B	Signature_6	APOBEC Cytidine Deaminase (C>G)	Best match: SBS13 [cosine-similarity: 0.728]	SBS13	0.2717233066919866	SBS2/13
01-030-T	P05	030	Baseline	good	B	Signature_7	Possible exposure to chemotherapy	Best match: SBS25 [cosine-similarity: 0.674]	SBS25	0.10143025297397551	SBS25
01-030-T	P05	030	Baseline	good	B	Signature_8	Unknown	Best match: SBS5 [cosine-similarity: 0.745]	SBS5	0.33500858097936703	SBS5
01-032-T	P47	032	Baseline	good	A	Signature_1	defective DNA mismatch repair	Best match: SBS6 [cosine-similarity: 0.854]	SBS6	0.1748977940450472	SBS6
01-032-T	P47	032	Baseline	good	A	Signature_2	defective DNA mismatch repair	Best match: SBS6 [cosine-similarity: 0.608]	SBS6	3.3684797785735844e-15	SBS6
01-032-T	P47	032	Baseline	good	A	Signature_3	Unknown	Best match: SBS5 [cosine-similarity: 0.74]	SBS5	3.3684797785735844e-15	SBS5
01-032-T	P47	032	Baseline	good	A	Signature_4	Unknown	Best match: SBS5 [cosine-similarity: 0.73]	SBS5	3.3684797785735844e-15	SBS5
01-032-T	P47	032	Baseline	good	A	Signature_5	APOBEC Cytidine Deaminase (C>T)	Best match: SBS2 [cosine-similarity: 0.705]	SBS2	0.7679187060401824	SBS2/13
01-032-T	P47	032	Baseline	good	A	Signature_6	APOBEC Cytidine Deaminase (C>G)	Best match: SBS13 [cosine-similarity: 0.728]	SBS13	0.012826256840702268	SBS2/13
01-032-T	P47	032	Baseline	good	A	Signature_7	Possible exposure to chemotherapy	Best match: SBS25 [cosine-similarity: 0.674]	SBS25	0.04435724307405472	SBS25
01-032-T	P47	032	Baseline	good	A	Signature_8	Unknown	Best match: SBS5 [cosine-similarity: 0.745]	SBS5	3.3684797785735844e-15	SBS5
01-033-T	P07	033	Baseline	poor	C	Signature_1	defective DNA mismatch repair	Best match: SBS6 [cosine-similarity: 0.854]	SBS6	0.06840439458809944	SBS6
01-033-T	P07	033	Baseline	poor	C	Signature_2	defective DNA mismatch repair	Best match: SBS6 [cosine-similarity: 0.608]	SBS6	0.3181484398884021	SBS6
01-033-T	P07	033	Baseline	poor	C	Signature_3	Unknown	Best match: SBS5 [cosine-similarity: 0.74]	SBS5	3.5336273994837934e-10	SBS5
01-033-T	P07	033	Baseline	poor	C	Signature_4	Unknown	Best match: SBS5 [cosine-similarity: 0.73]	SBS5	0.14584802725622753	SBS5
01-033-T	P07	033	Baseline	poor	C	Signature_5	APOBEC Cytidine Deaminase (C>T)	Best match: SBS2 [cosine-similarity: 0.705]	SBS2	1.0776187854978535e-14	SBS2/13
01-033-T	P07	033	Baseline	poor	C	Signature_6	APOBEC Cytidine Deaminase (C>G)	Best match: SBS13 [cosine-similarity: 0.728]	SBS13	0.07272929100002366	SBS2/13
01-033-T	P07	033	Baseline	poor	C	Signature_7	Possible exposure to chemotherapy	Best match: SBS25 [cosine-similarity: 0.674]	SBS25	0.22701502677091057	SBS25
01-033-T	P07	033	Baseline	poor	C	Signature_8	Unknown	Best match: SBS5 [cosine-similarity: 0.745]	SBS5	0.16785482014296313	SBS5
01-035-T	P09	035	Baseline	poor	A	Signature_1	defective DNA mismatch repair	Best match: SBS6 [cosine-similarity: 0.854]	SBS6	0.36213202910358017	SBS6
01-035-T	P09	035	Baseline	poor	A	Signature_2	defective DNA mismatch repair	Best match: SBS6 [cosine-similarity: 0.608]	SBS6	2.2031267078772578e-7	SBS6
01-035-T	P09	035	Baseline	poor	A	Signature_3	Unknown	Best match: SBS5 [cosine-similarity: 0.74]	SBS5	0.061218425845079014	SBS5
01-035-T	P09	035	Baseline	poor	A	Signature_4	Unknown	Best match: SBS5 [cosine-similarity: 0.73]	SBS5	0.002625932151805355	SBS5
01-035-T	P09	035	Baseline	poor	A	Signature_5	APOBEC Cytidine Deaminase (C>T)	Best match: SBS2 [cosine-similarity: 0.705]	SBS2	0.05886954738085156	SBS2/13
01-035-T	P09	035	Baseline	poor	A	Signature_6	APOBEC Cytidine Deaminase (C>G)	Best match: SBS13 [cosine-similarity: 0.728]	SBS13	0.11678348058029599	SBS2/13
01-035-T	P09	035	Baseline	poor	A	Signature_7	Possible exposure to chemotherapy	Best match: SBS25 [cosine-similarity: 0.674]	SBS25	0.11812550693247488	SBS25
01-035-T	P09	035	Baseline	poor	A	Signature_8	Unknown	Best match: SBS5 [cosine-similarity: 0.745]	SBS5	0.2802448576932422	SBS5
01-036-T	P10	036	Baseline	NA	A	Signature_1	defective DNA mismatch repair	Best match: SBS6 [cosine-similarity: 0.854]	SBS6	8.465305039491711e-7	SBS6
01-036-T	P10	036	Baseline	NA	A	Signature_2	defective DNA mismatch repair	Best match: SBS6 [cosine-similarity: 0.608]	SBS6	0.2919154740629655	SBS6
01-036-T	P10	036	Baseline	NA	A	Signature_3	Unknown	Best match: SBS5 [cosine-similarity: 0.74]	SBS5	0.1465225068126636	SBS5
01-036-T	P10	036	Baseline	NA	A	Signature_4	Unknown	Best match: SBS5 [cosine-similarity: 0.73]	SBS5	0.03782159380874217	SBS5
01-036-T	P10	036	Baseline	NA	A	Signature_5	APOBEC Cytidine Deaminase (C>T)	Best match: SBS2 [cosine-similarity: 0.705]	SBS2	0.048772270919734746	SBS2/13
01-036-T	P10	036	Baseline	NA	A	Signature_6	APOBEC Cytidine Deaminase (C>G)	Best match: SBS13 [cosine-similarity: 0.728]	SBS13	1.2012015890873929e-14	SBS2/13
01-036-T	P10	036	Baseline	NA	A	Signature_7	Possible exposure to chemotherapy	Best match: SBS25 [cosine-similarity: 0.674]	SBS25	0.3310437636306605	SBS25
01-036-T	P10	036	Baseline	NA	A	Signature_8	Unknown	Best match: SBS5 [cosine-similarity: 0.745]	SBS5	0.14392354423471748	SBS5
01-038-T	P11	038	Baseline	NA	A	Signature_1	defective DNA mismatch repair	Best match: SBS6 [cosine-similarity: 0.854]	SBS6	0.42469121815022665	SBS6
01-038-T	P11	038	Baseline	NA	A	Signature_2	defective DNA mismatch repair	Best match: SBS6 [cosine-similarity: 0.608]	SBS6	0.07127754161723816	SBS6
01-038-T	P11	038	Baseline	NA	A	Signature_3	Unknown	Best match: SBS5 [cosine-similarity: 0.74]	SBS5	0.04107923807020319	SBS5
01-038-T	P11	038	Baseline	NA	A	Signature_4	Unknown	Best match: SBS5 [cosine-similarity: 0.73]	SBS5	6.919385828385921e-15	SBS5
01-038-T	P11	038	Baseline	NA	A	Signature_5	APOBEC Cytidine Deaminase (C>T)	Best match: SBS2 [cosine-similarity: 0.705]	SBS2	0.07439326615826766	SBS2/13
01-038-T	P11	038	Baseline	NA	A	Signature_6	APOBEC Cytidine Deaminase (C>G)	Best match: SBS13 [cosine-similarity: 0.728]	SBS13	0.1479611371491838	SBS2/13
01-038-T	P11	038	Baseline	NA	A	Signature_7	Possible exposure to chemotherapy	Best match: SBS25 [cosine-similarity: 0.674]	SBS25	0.03560371000981795	SBS25
01-038-T	P11	038	Baseline	NA	A	Signature_8	Unknown	Best match: SBS5 [cosine-similarity: 0.745]	SBS5	0.20499388884505576	SBS5
01-039-T	P16	039	Baseline	good	A	Signature_1	defective DNA mismatch repair	Best match: SBS6 [cosine-similarity: 0.854]	SBS6	2.430553337510843e-15	SBS6
01-039-T	P16	039	Baseline	good	A	Signature_2	defective DNA mismatch repair	Best match: SBS6 [cosine-similarity: 0.608]	SBS6	0.05054275535565216	SBS6
01-039-T	P16	039	Baseline	good	A	Signature_3	Unknown	Best match: SBS5 [cosine-similarity: 0.74]	SBS5	6.015982932770843e-9	SBS5
01-039-T	P16	039	Baseline	good	A	Signature_4	Unknown	Best match: SBS5 [cosine-similarity: 0.73]	SBS5	0.00957852560510382	SBS5
01-039-T	P16	039	Baseline	good	A	Signature_5	APOBEC Cytidine Deaminase (C>T)	Best match: SBS2 [cosine-similarity: 0.705]	SBS2	0.9223070182368818	SBS2/13
01-039-T	P16	039	Baseline	good	A	Signature_6	APOBEC Cytidine Deaminase (C>G)	Best match: SBS13 [cosine-similarity: 0.728]	SBS13	0.017571661244979213	SBS2/13
01-039-T	P16	039	Baseline	good	A	Signature_7	Possible exposure to chemotherapy	Best match: SBS25 [cosine-similarity: 0.674]	SBS25	9.249957549882602e-15	SBS25
01-039-T	P16	039	Baseline	good	A	Signature_8	Unknown	Best match: SBS5 [cosine-similarity: 0.745]	SBS5	3.354138846216436e-8	SBS5
01-040-T	P14	040	Baseline	good	A	Signature_1	defective DNA mismatch repair	Best match: SBS6 [cosine-similarity: 0.854]	SBS6	0.40792573326838893	SBS6
01-040-T	P14	040	Baseline	good	A	Signature_2	defective DNA mismatch repair	Best match: SBS6 [cosine-similarity: 0.608]	SBS6	0.20809844185595755	SBS6
01-040-T	P14	040	Baseline	good	A	Signature_3	Unknown	Best match: SBS5 [cosine-similarity: 0.74]	SBS5	0.0920992703851161	SBS5
01-040-T	P14	040	Baseline	good	A	Signature_4	Unknown	Best match: SBS5 [cosine-similarity: 0.73]	SBS5	0.09723402687225442	SBS5
01-040-T	P14	040	Baseline	good	A	Signature_5	APOBEC Cytidine Deaminase (C>T)	Best match: SBS2 [cosine-similarity: 0.705]	SBS2	8.970922421796156e-15	SBS2/13
01-040-T	P14	040	Baseline	good	A	Signature_6	APOBEC Cytidine Deaminase (C>G)	Best match: SBS13 [cosine-similarity: 0.728]	SBS13	0.03585100952318047	SBS2/13
01-040-T	P14	040	Baseline	good	A	Signature_7	Possible exposure to chemotherapy	Best match: SBS25 [cosine-similarity: 0.674]	SBS25	0.07383624369271691	SBS25
01-040-T	P14	040	Baseline	good	A	Signature_8	Unknown	Best match: SBS5 [cosine-similarity: 0.745]	SBS5	0.0849552744023766	SBS5
01-041-T	P13	041	Baseline	poor	A	Signature_1	defective DNA mismatch repair	Best match: SBS6 [cosine-similarity: 0.854]	SBS6	0.05446296798618444	SBS6
01-041-T	P13	041	Baseline	poor	A	Signature_2	defective DNA mismatch repair	Best match: SBS6 [cosine-similarity: 0.608]	SBS6	1.3905173293973127e-11	SBS6
01-041-T	P13	041	Baseline	poor	A	Signature_3	Unknown	Best match: SBS5 [cosine-similarity: 0.74]	SBS5	1.5061973846599073e-15	SBS5
01-041-T	P13	041	Baseline	poor	A	Signature_4	Unknown	Best match: SBS5 [cosine-similarity: 0.73]	SBS5	0.03543104399938305	SBS5
01-041-T	P13	041	Baseline	poor	A	Signature_5	APOBEC Cytidine Deaminase (C>T)	Best match: SBS2 [cosine-similarity: 0.705]	SBS2	7.616134059868229e-10	SBS2/13
01-041-T	P13	041	Baseline	poor	A	Signature_6	APOBEC Cytidine Deaminase (C>G)	Best match: SBS13 [cosine-similarity: 0.728]	SBS13	0.90510047465639	SBS2/13
01-041-T	P13	041	Baseline	poor	A	Signature_7	Possible exposure to chemotherapy	Best match: SBS25 [cosine-similarity: 0.674]	SBS25	0.005005512581339058	SBS25
01-041-T	P13	041	Baseline	poor	A	Signature_8	Unknown	Best match: SBS5 [cosine-similarity: 0.745]	SBS5	1.1833566193198895e-12	SBS5
01-044-T	P12	044	Baseline	poor	C	Signature_1	defective DNA mismatch repair	Best match: SBS6 [cosine-similarity: 0.854]	SBS6	0.02363389079281302	SBS6
01-044-T	P12	044	Baseline	poor	C	Signature_2	defective DNA mismatch repair	Best match: SBS6 [cosine-similarity: 0.608]	SBS6	0.25884169436004784	SBS6
01-044-T	P12	044	Baseline	poor	C	Signature_3	Unknown	Best match: SBS5 [cosine-similarity: 0.74]	SBS5	1.4334070167349812e-8	SBS5
01-044-T	P12	044	Baseline	poor	C	Signature_4	Unknown	Best match: SBS5 [cosine-similarity: 0.73]	SBS5	0.16477095007884052	SBS5
01-044-T	P12	044	Baseline	poor	C	Signature_5	APOBEC Cytidine Deaminase (C>T)	Best match: SBS2 [cosine-similarity: 0.705]	SBS2	0.20467097565854017	SBS2/13
01-044-T	P12	044	Baseline	poor	C	Signature_6	APOBEC Cytidine Deaminase (C>G)	Best match: SBS13 [cosine-similarity: 0.728]	SBS13	0.06669328814999617	SBS2/13
01-044-T	P12	044	Baseline	poor	C	Signature_7	Possible exposure to chemotherapy	Best match: SBS25 [cosine-similarity: 0.674]	SBS25	0.014723323703415917	SBS25
01-044-T	P12	044	Baseline	poor	C	Signature_8	Unknown	Best match: SBS5 [cosine-similarity: 0.745]	SBS5	0.26666586292227623	SBS5
01-045-T	P19	045	Baseline	good	A	Signature_1	defective DNA mismatch repair	Best match: SBS6 [cosine-similarity: 0.854]	SBS6	6.463973072139255e-15	SBS6
01-045-T	P19	045	Baseline	good	A	Signature_2	defective DNA mismatch repair	Best match: SBS6 [cosine-similarity: 0.608]	SBS6	6.463973072139255e-15	SBS6
01-045-T	P19	045	Baseline	good	A	Signature_3	Unknown	Best match: SBS5 [cosine-similarity: 0.74]	SBS5	0.02421316678498333	SBS5
01-045-T	P19	045	Baseline	good	A	Signature_4	Unknown	Best match: SBS5 [cosine-similarity: 0.73]	SBS5	0.4102880418394934	SBS5
01-045-T	P19	045	Baseline	good	A	Signature_5	APOBEC Cytidine Deaminase (C>T)	Best match: SBS2 [cosine-similarity: 0.705]	SBS2	0.053733845008296845	SBS2/13
01-045-T	P19	045	Baseline	good	A	Signature_6	APOBEC Cytidine Deaminase (C>G)	Best match: SBS13 [cosine-similarity: 0.728]	SBS13	0.049629979850292424	SBS2/13
01-045-T	P19	045	Baseline	good	A	Signature_7	Possible exposure to chemotherapy	Best match: SBS25 [cosine-similarity: 0.674]	SBS25	3.311297852877844e-5	SBS25
01-045-T	P19	045	Baseline	good	A	Signature_8	Unknown	Best match: SBS5 [cosine-similarity: 0.745]	SBS5	0.46210185353839234	SBS5
01-048-T	P22	048	Baseline	NA	A	Signature_1	defective DNA mismatch repair	Best match: SBS6 [cosine-similarity: 0.854]	SBS6	0.09385804854909914	SBS6
01-048-T	P22	048	Baseline	NA	A	Signature_2	defective DNA mismatch repair	Best match: SBS6 [cosine-similarity: 0.608]	SBS6	0.3517777479888925	SBS6
01-048-T	P22	048	Baseline	NA	A	Signature_3	Unknown	Best match: SBS5 [cosine-similarity: 0.74]	SBS5	2.3984164624863602e-14	SBS5
01-048-T	P22	048	Baseline	NA	A	Signature_4	Unknown	Best match: SBS5 [cosine-similarity: 0.73]	SBS5	0.05637606607219061	SBS5
01-048-T	P22	048	Baseline	NA	A	Signature_5	APOBEC Cytidine Deaminase (C>T)	Best match: SBS2 [cosine-similarity: 0.705]	SBS2	2.3984164624863602e-14	SBS2/13
01-048-T	P22	048	Baseline	NA	A	Signature_6	APOBEC Cytidine Deaminase (C>G)	Best match: SBS13 [cosine-similarity: 0.728]	SBS13	2.3984164624863602e-14	SBS2/13
01-048-T	P22	048	Baseline	NA	A	Signature_7	Possible exposure to chemotherapy	Best match: SBS25 [cosine-similarity: 0.674]	SBS25	0.11932755210168587	SBS25
01-048-T	P22	048	Baseline	NA	A	Signature_8	Unknown	Best match: SBS5 [cosine-similarity: 0.745]	SBS5	0.37866058528805996	SBS5
01-049-T	P23	049	Baseline	good	A	Signature_1	defective DNA mismatch repair	Best match: SBS6 [cosine-similarity: 0.854]	SBS6	0.6375677418662905	SBS6
01-049-T	P23	049	Baseline	good	A	Signature_2	defective DNA mismatch repair	Best match: SBS6 [cosine-similarity: 0.608]	SBS6	0.18661507753050519	SBS6
01-049-T	P23	049	Baseline	good	A	Signature_3	Unknown	Best match: SBS5 [cosine-similarity: 0.74]	SBS5	0.045665709264512404	SBS5
01-049-T	P23	049	Baseline	good	A	Signature_4	Unknown	Best match: SBS5 [cosine-similarity: 0.73]	SBS5	0.03606519632018325	SBS5
01-049-T	P23	049	Baseline	good	A	Signature_5	APOBEC Cytidine Deaminase (C>T)	Best match: SBS2 [cosine-similarity: 0.705]	SBS2	0.015336873442269472	SBS2/13
01-049-T	P23	049	Baseline	good	A	Signature_6	APOBEC Cytidine Deaminase (C>G)	Best match: SBS13 [cosine-similarity: 0.728]	SBS13	0.06034661302329812	SBS2/13
01-049-T	P23	049	Baseline	good	A	Signature_7	Possible exposure to chemotherapy	Best match: SBS25 [cosine-similarity: 0.674]	SBS25	0.018402788552933532	SBS25
01-049-T	P23	049	Baseline	good	A	Signature_8	Unknown	Best match: SBS5 [cosine-similarity: 0.745]	SBS5	7.544759338379855e-15	SBS5
01-051-T	P25	051	Baseline	good	B	Signature_1	defective DNA mismatch repair	Best match: SBS6 [cosine-similarity: 0.854]	SBS6	2.1010777273421066e-14	SBS6
01-051-T	P25	051	Baseline	good	B	Signature_2	defective DNA mismatch repair	Best match: SBS6 [cosine-similarity: 0.608]	SBS6	0.4671754490816651	SBS6
01-051-T	P25	051	Baseline	good	B	Signature_3	Unknown	Best match: SBS5 [cosine-similarity: 0.74]	SBS5	0.04373857854398169	SBS5
01-051-T	P25	051	Baseline	good	B	Signature_4	Unknown	Best match: SBS5 [cosine-similarity: 0.73]	SBS5	0.02529273686285342	SBS5
01-051-T	P25	051	Baseline	good	B	Signature_5	APOBEC Cytidine Deaminase (C>T)	Best match: SBS2 [cosine-similarity: 0.705]	SBS2	0.04111595735020635	SBS2/13
01-051-T	P25	051	Baseline	good	B	Signature_6	APOBEC Cytidine Deaminase (C>G)	Best match: SBS13 [cosine-similarity: 0.728]	SBS13	2.1010777273421066e-14	SBS2/13
01-051-T	P25	051	Baseline	good	B	Signature_7	Possible exposure to chemotherapy	Best match: SBS25 [cosine-similarity: 0.674]	SBS25	0.42267727814633066	SBS25
01-051-T	P25	051	Baseline	good	B	Signature_8	Unknown	Best match: SBS5 [cosine-similarity: 0.745]	SBS5	1.492070813944819e-11	SBS5
01-052-T	P26	052	Baseline	good	B	Signature_1	defective DNA mismatch repair	Best match: SBS6 [cosine-similarity: 0.854]	SBS6	6.1307079282102665e-15	SBS6
01-052-T	P26	052	Baseline	good	B	Signature_2	defective DNA mismatch repair	Best match: SBS6 [cosine-similarity: 0.608]	SBS6	0.11999133659730815	SBS6
01-052-T	P26	052	Baseline	good	B	Signature_3	Unknown	Best match: SBS5 [cosine-similarity: 0.74]	SBS5	0.01561793951357712	SBS5
01-052-T	P26	052	Baseline	good	B	Signature_4	Unknown	Best match: SBS5 [cosine-similarity: 0.73]	SBS5	0.15466815100621617	SBS5
01-052-T	P26	052	Baseline	good	B	Signature_5	APOBEC Cytidine Deaminase (C>T)	Best match: SBS2 [cosine-similarity: 0.705]	SBS2	0.5530913646773269	SBS2/13
01-052-T	P26	052	Baseline	good	B	Signature_6	APOBEC Cytidine Deaminase (C>G)	Best match: SBS13 [cosine-similarity: 0.728]	SBS13	0.060290581861851565	SBS2/13
01-052-T	P26	052	Baseline	good	B	Signature_7	Possible exposure to chemotherapy	Best match: SBS25 [cosine-similarity: 0.674]	SBS25	0.006848673963043542	SBS25
01-052-T	P26	052	Baseline	good	B	Signature_8	Unknown	Best match: SBS5 [cosine-similarity: 0.745]	SBS5	0.08949195238067033	SBS5
01-053-T	P49	053	Baseline	poor	C	Signature_1	defective DNA mismatch repair	Best match: SBS6 [cosine-similarity: 0.854]	SBS6	0.1880582422926696	SBS6
01-053-T	P49	053	Baseline	poor	C	Signature_2	defective DNA mismatch repair	Best match: SBS6 [cosine-similarity: 0.608]	SBS6	0.2529950730233826	SBS6
01-053-T	P49	053	Baseline	poor	C	Signature_3	Unknown	Best match: SBS5 [cosine-similarity: 0.74]	SBS5	0.011020994366723498	SBS5
01-053-T	P49	053	Baseline	poor	C	Signature_4	Unknown	Best match: SBS5 [cosine-similarity: 0.73]	SBS5	0.14682379236511164	SBS5
01-053-T	P49	053	Baseline	poor	C	Signature_5	APOBEC Cytidine Deaminase (C>T)	Best match: SBS2 [cosine-similarity: 0.705]	SBS2	3.0165332394356395e-14	SBS2/13
01-053-T	P49	053	Baseline	poor	C	Signature_6	APOBEC Cytidine Deaminase (C>G)	Best match: SBS13 [cosine-similarity: 0.728]	SBS13	1.1941160504045646e-14	SBS2/13
01-053-T	P49	053	Baseline	poor	C	Signature_7	Possible exposure to chemotherapy	Best match: SBS25 [cosine-similarity: 0.674]	SBS25	0.3749274864481787	SBS25
01-053-T	P49	053	Baseline	poor	C	Signature_8	Unknown	Best match: SBS5 [cosine-similarity: 0.745]	SBS5	0.026174411503891958	SBS5
01-054-T	P48	054	Baseline	poor	B	Signature_1	defective DNA mismatch repair	Best match: SBS6 [cosine-similarity: 0.854]	SBS6	0.4924187921288624	SBS6
01-054-T	P48	054	Baseline	poor	B	Signature_2	defective DNA mismatch repair	Best match: SBS6 [cosine-similarity: 0.608]	SBS6	0.3012661867930397	SBS6
01-054-T	P48	054	Baseline	poor	B	Signature_3	Unknown	Best match: SBS5 [cosine-similarity: 0.74]	SBS5	0.046955198192889486	SBS5
01-054-T	P48	054	Baseline	poor	B	Signature_4	Unknown	Best match: SBS5 [cosine-similarity: 0.73]	SBS5	1.466338143168411e-10	SBS5
01-054-T	P48	054	Baseline	poor	B	Signature_5	APOBEC Cytidine Deaminase (C>T)	Best match: SBS2 [cosine-similarity: 0.705]	SBS2	0.0088371119023169	SBS2/13
01-054-T	P48	054	Baseline	poor	B	Signature_6	APOBEC Cytidine Deaminase (C>G)	Best match: SBS13 [cosine-similarity: 0.728]	SBS13	0.04733139571184016	SBS2/13
01-054-T	P48	054	Baseline	poor	B	Signature_7	Possible exposure to chemotherapy	Best match: SBS25 [cosine-similarity: 0.674]	SBS25	9.790177462627869e-15	SBS25
01-054-T	P48	054	Baseline	poor	B	Signature_8	Unknown	Best match: SBS5 [cosine-similarity: 0.745]	SBS5	0.1031913151244078	SBS5
01-055-T	P27	055	Baseline	good	C	Signature_1	defective DNA mismatch repair	Best match: SBS6 [cosine-similarity: 0.854]	SBS6	0.1952136235097009	SBS6
01-055-T	P27	055	Baseline	good	C	Signature_2	defective DNA mismatch repair	Best match: SBS6 [cosine-similarity: 0.608]	SBS6	7.597648954044123e-15	SBS6
01-055-T	P27	055	Baseline	good	C	Signature_3	Unknown	Best match: SBS5 [cosine-similarity: 0.74]	SBS5	0.0584421102960209	SBS5
01-055-T	P27	055	Baseline	good	C	Signature_4	Unknown	Best match: SBS5 [cosine-similarity: 0.73]	SBS5	0.11574905009215576	SBS5
01-055-T	P27	055	Baseline	good	C	Signature_5	APOBEC Cytidine Deaminase (C>T)	Best match: SBS2 [cosine-similarity: 0.705]	SBS2	0.33881391308679054	SBS2/13
01-055-T	P27	055	Baseline	good	C	Signature_6	APOBEC Cytidine Deaminase (C>G)	Best match: SBS13 [cosine-similarity: 0.728]	SBS13	7.597648954044123e-15	SBS2/13
01-055-T	P27	055	Baseline	good	C	Signature_7	Possible exposure to chemotherapy	Best match: SBS25 [cosine-similarity: 0.674]	SBS25	0.023833490700005854	SBS25
01-055-T	P27	055	Baseline	good	C	Signature_8	Unknown	Best match: SBS5 [cosine-similarity: 0.745]	SBS5	0.2679478123153108	SBS5
01-056-T	P28	056	Baseline	good	C	Signature_1	defective DNA mismatch repair	Best match: SBS6 [cosine-similarity: 0.854]	SBS6	8.236262397932226e-15	SBS6
01-056-T	P28	056	Baseline	good	C	Signature_2	defective DNA mismatch repair	Best match: SBS6 [cosine-similarity: 0.608]	SBS6	6.770221650345305e-5	SBS6
01-056-T	P28	056	Baseline	good	C	Signature_3	Unknown	Best match: SBS5 [cosine-similarity: 0.74]	SBS5	8.236262397932226e-15	SBS5
01-056-T	P28	056	Baseline	good	C	Signature_4	Unknown	Best match: SBS5 [cosine-similarity: 0.73]	SBS5	0.2479719404874506	SBS5
01-056-T	P28	056	Baseline	good	C	Signature_5	APOBEC Cytidine Deaminase (C>T)	Best match: SBS2 [cosine-similarity: 0.705]	SBS2	0.14493099298326803	SBS2/13
01-056-T	P28	056	Baseline	good	C	Signature_6	APOBEC Cytidine Deaminase (C>G)	Best match: SBS13 [cosine-similarity: 0.728]	SBS13	8.236262397932226e-15	SBS2/13
01-056-T	P28	056	Baseline	good	C	Signature_7	Possible exposure to chemotherapy	Best match: SBS25 [cosine-similarity: 0.674]	SBS25	0.2726857055381394	SBS25
01-056-T	P28	056	Baseline	good	C	Signature_8	Unknown	Best match: SBS5 [cosine-similarity: 0.745]	SBS5	0.33434365877461375	SBS5
01-061-T	P33	061	Baseline	poor	B	Signature_1	defective DNA mismatch repair	Best match: SBS6 [cosine-similarity: 0.854]	SBS6	0.12670586591846225	SBS6
01-061-T	P33	061	Baseline	poor	B	Signature_2	defective DNA mismatch repair	Best match: SBS6 [cosine-similarity: 0.608]	SBS6	0.24909595384269825	SBS6
01-061-T	P33	061	Baseline	poor	B	Signature_3	Unknown	Best match: SBS5 [cosine-similarity: 0.74]	SBS5	0.04802088965831443	SBS5
01-061-T	P33	061	Baseline	poor	B	Signature_4	Unknown	Best match: SBS5 [cosine-similarity: 0.73]	SBS5	0.12045875671082265	SBS5
01-061-T	P33	061	Baseline	poor	B	Signature_5	APOBEC Cytidine Deaminase (C>T)	Best match: SBS2 [cosine-similarity: 0.705]	SBS2	0.11709835119006738	SBS2/13
01-061-T	P33	061	Baseline	poor	B	Signature_6	APOBEC Cytidine Deaminase (C>G)	Best match: SBS13 [cosine-similarity: 0.728]	SBS13	1.4449995809334426e-14	SBS2/13
01-061-T	P33	061	Baseline	poor	B	Signature_7	Possible exposure to chemotherapy	Best match: SBS25 [cosine-similarity: 0.674]	SBS25	0.04607358458131939	SBS25
01-061-T	P33	061	Baseline	poor	B	Signature_8	Unknown	Best match: SBS5 [cosine-similarity: 0.745]	SBS5	0.29254659809830125	SBS5
01-062-T	P34	062	Baseline	good	A	Signature_1	defective DNA mismatch repair	Best match: SBS6 [cosine-similarity: 0.854]	SBS6	0.014508239620912832	SBS6
01-062-T	P34	062	Baseline	good	A	Signature_2	defective DNA mismatch repair	Best match: SBS6 [cosine-similarity: 0.608]	SBS6	0.29805046236184884	SBS6
01-062-T	P34	062	Baseline	good	A	Signature_3	Unknown	Best match: SBS5 [cosine-similarity: 0.74]	SBS5	0.007481406006257657	SBS5
01-062-T	P34	062	Baseline	good	A	Signature_4	Unknown	Best match: SBS5 [cosine-similarity: 0.73]	SBS5	0.2240964887292257	SBS5
01-062-T	P34	062	Baseline	good	A	Signature_5	APOBEC Cytidine Deaminase (C>T)	Best match: SBS2 [cosine-similarity: 0.705]	SBS2	0.03446677696118551	SBS2/13
01-062-T	P34	062	Baseline	good	A	Signature_6	APOBEC Cytidine Deaminase (C>G)	Best match: SBS13 [cosine-similarity: 0.728]	SBS13	0.06116444564460365	SBS2/13
01-062-T	P34	062	Baseline	good	A	Signature_7	Possible exposure to chemotherapy	Best match: SBS25 [cosine-similarity: 0.674]	SBS25	0.015081646427386628	SBS25
01-062-T	P34	062	Baseline	good	A	Signature_8	Unknown	Best match: SBS5 [cosine-similarity: 0.745]	SBS5	0.3451505342485792	SBS5
01-064-T	P50	064	Baseline	poor	A	Signature_1	defective DNA mismatch repair	Best match: SBS6 [cosine-similarity: 0.854]	SBS6	0.19798672102080284	SBS6
01-064-T	P50	064	Baseline	poor	A	Signature_2	defective DNA mismatch repair	Best match: SBS6 [cosine-similarity: 0.608]	SBS6	1.8695577339510502e-14	SBS6
01-064-T	P50	064	Baseline	poor	A	Signature_3	Unknown	Best match: SBS5 [cosine-similarity: 0.74]	SBS5	0.08934944921709222	SBS5
01-064-T	P50	064	Baseline	poor	A	Signature_4	Unknown	Best match: SBS5 [cosine-similarity: 0.73]	SBS5	5.883504138790922e-14	SBS5
01-064-T	P50	064	Baseline	poor	A	Signature_5	APOBEC Cytidine Deaminase (C>T)	Best match: SBS2 [cosine-similarity: 0.705]	SBS2	0.262978967864222	SBS2/13
01-064-T	P50	064	Baseline	poor	A	Signature_6	APOBEC Cytidine Deaminase (C>G)	Best match: SBS13 [cosine-similarity: 0.728]	SBS13	0.06476596017730592	SBS2/13
01-064-T	P50	064	Baseline	poor	A	Signature_7	Possible exposure to chemotherapy	Best match: SBS25 [cosine-similarity: 0.674]	SBS25	0.05626165946399799	SBS25
01-064-T	P50	064	Baseline	poor	A	Signature_8	Unknown	Best match: SBS5 [cosine-similarity: 0.745]	SBS5	0.3286572422565015	SBS5
01-065-T	P51	065	Baseline	good	A	Signature_1	defective DNA mismatch repair	Best match: SBS6 [cosine-similarity: 0.854]	SBS6	0.07326877495824242	SBS6
01-065-T	P51	065	Baseline	good	A	Signature_2	defective DNA mismatch repair	Best match: SBS6 [cosine-similarity: 0.608]	SBS6	0.17018495158484065	SBS6
01-065-T	P51	065	Baseline	good	A	Signature_3	Unknown	Best match: SBS5 [cosine-similarity: 0.74]	SBS5	6.842712341979488e-15	SBS5
01-065-T	P51	065	Baseline	good	A	Signature_4	Unknown	Best match: SBS5 [cosine-similarity: 0.73]	SBS5	0.11583327769452746	SBS5
01-065-T	P51	065	Baseline	good	A	Signature_5	APOBEC Cytidine Deaminase (C>T)	Best match: SBS2 [cosine-similarity: 0.705]	SBS2	0.3355858100710848	SBS2/13
01-065-T	P51	065	Baseline	good	A	Signature_6	APOBEC Cytidine Deaminase (C>G)	Best match: SBS13 [cosine-similarity: 0.728]	SBS13	6.842712341979488e-15	SBS2/13
01-065-T	P51	065	Baseline	good	A	Signature_7	Possible exposure to chemotherapy	Best match: SBS25 [cosine-similarity: 0.674]	SBS25	0.08727837096234044	SBS25
01-065-T	P51	065	Baseline	good	A	Signature_8	Unknown	Best match: SBS5 [cosine-similarity: 0.745]	SBS5	0.21784881472895054	SBS5
01-066-T	P36	066	Baseline	good	A	Signature_1	defective DNA mismatch repair	Best match: SBS6 [cosine-similarity: 0.854]	SBS6	0.013127967271949325	SBS6
01-066-T	P36	066	Baseline	good	A	Signature_2	defective DNA mismatch repair	Best match: SBS6 [cosine-similarity: 0.608]	SBS6	0.25862830536941306	SBS6
01-066-T	P36	066	Baseline	good	A	Signature_3	Unknown	Best match: SBS5 [cosine-similarity: 0.74]	SBS5	0.09464399179468308	SBS5
01-066-T	P36	066	Baseline	good	A	Signature_4	Unknown	Best match: SBS5 [cosine-similarity: 0.73]	SBS5	0.04823160168722882	SBS5
01-066-T	P36	066	Baseline	good	A	Signature_5	APOBEC Cytidine Deaminase (C>T)	Best match: SBS2 [cosine-similarity: 0.705]	SBS2	0.08979710301157509	SBS2/13
01-066-T	P36	066	Baseline	good	A	Signature_6	APOBEC Cytidine Deaminase (C>G)	Best match: SBS13 [cosine-similarity: 0.728]	SBS13	8.099879438610755e-15	SBS2/13
01-066-T	P36	066	Baseline	good	A	Signature_7	Possible exposure to chemotherapy	Best match: SBS25 [cosine-similarity: 0.674]	SBS25	8.099879438610755e-15	SBS25
01-066-T	P36	066	Baseline	good	A	Signature_8	Unknown	Best match: SBS5 [cosine-similarity: 0.745]	SBS5	0.4955710308651345	SBS5
01-074-T	NA	074	Baseline	good	A	Signature_1	defective DNA mismatch repair	Best match: SBS6 [cosine-similarity: 0.854]	SBS6	0.159808170373392	SBS6
01-074-T	NA	074	Baseline	good	A	Signature_2	defective DNA mismatch repair	Best match: SBS6 [cosine-similarity: 0.608]	SBS6	0.048416616896822265	SBS6
01-074-T	NA	074	Baseline	good	A	Signature_3	Unknown	Best match: SBS5 [cosine-similarity: 0.74]	SBS5	0.019906982480940562	SBS5
01-074-T	NA	074	Baseline	good	A	Signature_4	Unknown	Best match: SBS5 [cosine-similarity: 0.73]	SBS5	1.1313070535986373e-8	SBS5
01-074-T	NA	074	Baseline	good	A	Signature_5	APOBEC Cytidine Deaminase (C>T)	Best match: SBS2 [cosine-similarity: 0.705]	SBS2	2.913982129269561e-8	SBS2/13
01-074-T	NA	074	Baseline	good	A	Signature_6	APOBEC Cytidine Deaminase (C>G)	Best match: SBS13 [cosine-similarity: 0.728]	SBS13	0.07400623297181082	SBS2/13
01-074-T	NA	074	Baseline	good	A	Signature_7	Possible exposure to chemotherapy	Best match: SBS25 [cosine-similarity: 0.674]	SBS25	0.5125893866329874	SBS25
01-074-T	NA	074	Baseline	good	A	Signature_8	Unknown	Best match: SBS5 [cosine-similarity: 0.745]	SBS5	0.18527257019115512	SBS5
01-075-T	NA	075	Baseline	good	B	Signature_1	defective DNA mismatch repair	Best match: SBS6 [cosine-similarity: 0.854]	SBS6	0.007529433058529365	SBS6
01-075-T	NA	075	Baseline	good	B	Signature_2	defective DNA mismatch repair	Best match: SBS6 [cosine-similarity: 0.608]	SBS6	0.2517427452549576	SBS6
01-075-T	NA	075	Baseline	good	B	Signature_3	Unknown	Best match: SBS5 [cosine-similarity: 0.74]	SBS5	0.03513672315114467	SBS5
01-075-T	NA	075	Baseline	good	B	Signature_4	Unknown	Best match: SBS5 [cosine-similarity: 0.73]	SBS5	0.22012627871577004	SBS5
01-075-T	NA	075	Baseline	good	B	Signature_5	APOBEC Cytidine Deaminase (C>T)	Best match: SBS2 [cosine-similarity: 0.705]	SBS2	0.03535880179679969	SBS2/13
01-075-T	NA	075	Baseline	good	B	Signature_6	APOBEC Cytidine Deaminase (C>G)	Best match: SBS13 [cosine-similarity: 0.728]	SBS13	0.03875655928181449	SBS2/13
01-075-T	NA	075	Baseline	good	B	Signature_7	Possible exposure to chemotherapy	Best match: SBS25 [cosine-similarity: 0.674]	SBS25	0.20234377536466047	SBS25
01-075-T	NA	075	Baseline	good	B	Signature_8	Unknown	Best match: SBS5 [cosine-similarity: 0.745]	SBS5	0.20900568337632375	SBS5
01-076-T	NA	076	Baseline	poor	C	Signature_1	defective DNA mismatch repair	Best match: SBS6 [cosine-similarity: 0.854]	SBS6	0.38711536442500916	SBS6
01-076-T	NA	076	Baseline	poor	C	Signature_2	defective DNA mismatch repair	Best match: SBS6 [cosine-similarity: 0.608]	SBS6	1.0614692216026927e-14	SBS6
01-076-T	NA	076	Baseline	poor	C	Signature_3	Unknown	Best match: SBS5 [cosine-similarity: 0.74]	SBS5	0.049615393079372634	SBS5
01-076-T	NA	076	Baseline	poor	C	Signature_4	Unknown	Best match: SBS5 [cosine-similarity: 0.73]	SBS5	1.0614692216026927e-14	SBS5
01-076-T	NA	076	Baseline	poor	C	Signature_5	APOBEC Cytidine Deaminase (C>T)	Best match: SBS2 [cosine-similarity: 0.705]	SBS2	0.011440420438309727	SBS2/13
01-076-T	NA	076	Baseline	poor	C	Signature_6	APOBEC Cytidine Deaminase (C>G)	Best match: SBS13 [cosine-similarity: 0.728]	SBS13	0.11266722170766254	SBS2/13
01-076-T	NA	076	Baseline	poor	C	Signature_7	Possible exposure to chemotherapy	Best match: SBS25 [cosine-similarity: 0.674]	SBS25	0.3951798431597057	SBS25
01-076-T	NA	076	Baseline	poor	C	Signature_8	Unknown	Best match: SBS5 [cosine-similarity: 0.745]	SBS5	0.04398175718991898	SBS5
01-079-T	NA	079	Baseline	NA	A	Signature_1	defective DNA mismatch repair	Best match: SBS6 [cosine-similarity: 0.854]	SBS6	0.016792143277054288	SBS6
01-079-T	NA	079	Baseline	NA	A	Signature_2	defective DNA mismatch repair	Best match: SBS6 [cosine-similarity: 0.608]	SBS6	0.2684429330463943	SBS6
01-079-T	NA	079	Baseline	NA	A	Signature_3	Unknown	Best match: SBS5 [cosine-similarity: 0.74]	SBS5	1.77894218219027e-14	SBS5
01-079-T	NA	079	Baseline	NA	A	Signature_4	Unknown	Best match: SBS5 [cosine-similarity: 0.73]	SBS5	1.77894218219027e-14	SBS5
01-079-T	NA	079	Baseline	NA	A	Signature_5	APOBEC Cytidine Deaminase (C>T)	Best match: SBS2 [cosine-similarity: 0.705]	SBS2	0.15774706417231346	SBS2/13
01-079-T	NA	079	Baseline	NA	A	Signature_6	APOBEC Cytidine Deaminase (C>G)	Best match: SBS13 [cosine-similarity: 0.728]	SBS13	1.77894218219027e-14	SBS2/13
01-079-T	NA	079	Baseline	NA	A	Signature_7	Possible exposure to chemotherapy	Best match: SBS25 [cosine-similarity: 0.674]	SBS25	0.14648216126931818	SBS25
01-079-T	NA	079	Baseline	NA	A	Signature_8	Unknown	Best match: SBS5 [cosine-similarity: 0.745]	SBS5	0.41053569823486635	SBS5
01-080-T	NA	080	Baseline	good	A	Signature_1	defective DNA mismatch repair	Best match: SBS6 [cosine-similarity: 0.854]	SBS6	0.012597118436296423	SBS6
01-080-T	NA	080	Baseline	good	A	Signature_2	defective DNA mismatch repair	Best match: SBS6 [cosine-similarity: 0.608]	SBS6	0.3475664718461383	SBS6
01-080-T	NA	080	Baseline	good	A	Signature_3	Unknown	Best match: SBS5 [cosine-similarity: 0.74]	SBS5	1.474091722420316e-14	SBS5
01-080-T	NA	080	Baseline	good	A	Signature_4	Unknown	Best match: SBS5 [cosine-similarity: 0.73]	SBS5	1.474091722420316e-14	SBS5
01-080-T	NA	080	Baseline	good	A	Signature_5	APOBEC Cytidine Deaminase (C>T)	Best match: SBS2 [cosine-similarity: 0.705]	SBS2	0.05788267416771307	SBS2/13
01-080-T	NA	080	Baseline	good	A	Signature_6	APOBEC Cytidine Deaminase (C>G)	Best match: SBS13 [cosine-similarity: 0.728]	SBS13	0.06642804716402491	SBS2/13
01-080-T	NA	080	Baseline	good	A	Signature_7	Possible exposure to chemotherapy	Best match: SBS25 [cosine-similarity: 0.674]	SBS25	0.23189583009539477	SBS25
01-080-T	NA	080	Baseline	good	A	Signature_8	Unknown	Best match: SBS5 [cosine-similarity: 0.745]	SBS5	0.28362985829040305	SBS5
01-081-T	NA	081	Baseline	poor	C	Signature_1	defective DNA mismatch repair	Best match: SBS6 [cosine-similarity: 0.854]	SBS6	0.2771969323984815	SBS6
01-081-T	NA	081	Baseline	poor	C	Signature_2	defective DNA mismatch repair	Best match: SBS6 [cosine-similarity: 0.608]	SBS6	0.09019548154654723	SBS6
01-081-T	NA	081	Baseline	poor	C	Signature_3	Unknown	Best match: SBS5 [cosine-similarity: 0.74]	SBS5	0.1574188859002402	SBS5
01-081-T	NA	081	Baseline	poor	C	Signature_4	Unknown	Best match: SBS5 [cosine-similarity: 0.73]	SBS5	0.3479977480189149	SBS5
01-081-T	NA	081	Baseline	poor	C	Signature_5	APOBEC Cytidine Deaminase (C>T)	Best match: SBS2 [cosine-similarity: 0.705]	SBS2	0.08331527557350485	SBS2/13
01-081-T	NA	081	Baseline	poor	C	Signature_6	APOBEC Cytidine Deaminase (C>G)	Best match: SBS13 [cosine-similarity: 0.728]	SBS13	0.04387567444535399	SBS2/13
01-081-T	NA	081	Baseline	poor	C	Signature_7	Possible exposure to chemotherapy	Best match: SBS25 [cosine-similarity: 0.674]	SBS25	2.215489440357478e-15	SBS25
01-081-T	NA	081	Baseline	poor	C	Signature_8	Unknown	Best match: SBS5 [cosine-similarity: 0.745]	SBS5	2.1169551857749864e-9	SBS5
03-041-T	P13	041	Treat	poor	A	Signature_1	defective DNA mismatch repair	Best match: SBS6 [cosine-similarity: 0.854]	SBS6	0.05042556811899307	SBS6
03-041-T	P13	041	Treat	poor	A	Signature_2	defective DNA mismatch repair	Best match: SBS6 [cosine-similarity: 0.608]	SBS6	0.6022314947588951	SBS6
03-041-T	P13	041	Treat	poor	A	Signature_3	Unknown	Best match: SBS5 [cosine-similarity: 0.74]	SBS5	3.732876092163802e-8	SBS5
03-041-T	P13	041	Treat	poor	A	Signature_4	Unknown	Best match: SBS5 [cosine-similarity: 0.73]	SBS5	2.634676381993171e-14	SBS5
03-041-T	P13	041	Treat	poor	A	Signature_5	APOBEC Cytidine Deaminase (C>T)	Best match: SBS2 [cosine-similarity: 0.705]	SBS2	2.634676381993171e-14	SBS2/13
03-041-T	P13	041	Treat	poor	A	Signature_6	APOBEC Cytidine Deaminase (C>G)	Best match: SBS13 [cosine-similarity: 0.728]	SBS13	0.049499358599525325	SBS2/13
03-041-T	P13	041	Treat	poor	A	Signature_7	Possible exposure to chemotherapy	Best match: SBS25 [cosine-similarity: 0.674]	SBS25	0.2611887023925447	SBS25
03-041-T	P13	041	Treat	poor	A	Signature_8	Unknown	Best match: SBS5 [cosine-similarity: 0.745]	SBS5	0.03665483880122815	SBS5
03-051-T	P25	051	Treat	good	B	Signature_1	defective DNA mismatch repair	Best match: SBS6 [cosine-similarity: 0.854]	SBS6	0.1012891745554057	SBS6
03-051-T	P25	051	Treat	good	B	Signature_2	defective DNA mismatch repair	Best match: SBS6 [cosine-similarity: 0.608]	SBS6	0.4372100957523396	SBS6
03-051-T	P25	051	Treat	good	B	Signature_3	Unknown	Best match: SBS5 [cosine-similarity: 0.74]	SBS5	3.887692900500572e-14	SBS5
03-051-T	P25	051	Treat	good	B	Signature_4	Unknown	Best match: SBS5 [cosine-similarity: 0.73]	SBS5	3.887692900500572e-14	SBS5
03-051-T	P25	051	Treat	good	B	Signature_5	APOBEC Cytidine Deaminase (C>T)	Best match: SBS2 [cosine-similarity: 0.705]	SBS2	3.6664684908092987e-6	SBS2/13
03-051-T	P25	051	Treat	good	B	Signature_6	APOBEC Cytidine Deaminase (C>G)	Best match: SBS13 [cosine-similarity: 0.728]	SBS13	3.887692900500572e-14	SBS2/13
03-051-T	P25	051	Treat	good	B	Signature_7	Possible exposure to chemotherapy	Best match: SBS25 [cosine-similarity: 0.674]	SBS25	0.17716036981117944	SBS25
03-051-T	P25	051	Treat	good	B	Signature_8	Unknown	Best match: SBS5 [cosine-similarity: 0.745]	SBS5	0.2843366934124678	SBS5
03-053-T	P49	053	Treat	poor	C	Signature_1	defective DNA mismatch repair	Best match: SBS6 [cosine-similarity: 0.854]	SBS6	0.00984491737637646	SBS6
03-053-T	P49	053	Treat	poor	C	Signature_2	defective DNA mismatch repair	Best match: SBS6 [cosine-similarity: 0.608]	SBS6	0.20614374396715532	SBS6
03-053-T	P49	053	Treat	poor	C	Signature_3	Unknown	Best match: SBS5 [cosine-similarity: 0.74]	SBS5	0.001999570940858334	SBS5
03-053-T	P49	053	Treat	poor	C	Signature_4	Unknown	Best match: SBS5 [cosine-similarity: 0.73]	SBS5	0.08581996753364765	SBS5
03-053-T	P49	053	Treat	poor	C	Signature_5	APOBEC Cytidine Deaminase (C>T)	Best match: SBS2 [cosine-similarity: 0.705]	SBS2	3.1670883058190487e-14	SBS2/13
03-053-T	P49	053	Treat	poor	C	Signature_6	APOBEC Cytidine Deaminase (C>G)	Best match: SBS13 [cosine-similarity: 0.728]	SBS13	3.1670883058190487e-14	SBS2/13
03-053-T	P49	053	Treat	poor	C	Signature_7	Possible exposure to chemotherapy	Best match: SBS25 [cosine-similarity: 0.674]	SBS25	0.3359921894986518	SBS25
03-053-T	P49	053	Treat	poor	C	Signature_8	Unknown	Best match: SBS5 [cosine-similarity: 0.745]	SBS5	0.3601996106832472	SBS5
03-061-T	P33	061	Treat	poor	B	Signature_1	defective DNA mismatch repair	Best match: SBS6 [cosine-similarity: 0.854]	SBS6	4.913277180566025e-4	SBS6
03-061-T	P33	061	Treat	poor	B	Signature_2	defective DNA mismatch repair	Best match: SBS6 [cosine-similarity: 0.608]	SBS6	0.8116397453985412	SBS6
03-061-T	P33	061	Treat	poor	B	Signature_3	Unknown	Best match: SBS5 [cosine-similarity: 0.74]	SBS5	0.02384055605883157	SBS5
03-061-T	P33	061	Treat	poor	B	Signature_4	Unknown	Best match: SBS5 [cosine-similarity: 0.73]	SBS5	0.04428678242910872	SBS5
03-061-T	P33	061	Treat	poor	B	Signature_5	APOBEC Cytidine Deaminase (C>T)	Best match: SBS2 [cosine-similarity: 0.705]	SBS2	0.09328935937521737	SBS2/13
03-061-T	P33	061	Treat	poor	B	Signature_6	APOBEC Cytidine Deaminase (C>G)	Best match: SBS13 [cosine-similarity: 0.728]	SBS13	2.974566424318315e-14	SBS2/13
03-061-T	P33	061	Treat	poor	B	Signature_7	Possible exposure to chemotherapy	Best match: SBS25 [cosine-similarity: 0.674]	SBS25	0.02645222902018497	SBS25
03-061-T	P33	061	Treat	poor	B	Signature_8	Unknown	Best match: SBS5 [cosine-similarity: 0.745]	SBS5	2.974566424318315e-14	SBS5
03-062-T	P34	062	Treat	good	A	Signature_1	defective DNA mismatch repair	Best match: SBS6 [cosine-similarity: 0.854]	SBS6	0.029732717958930878	SBS6
03-062-T	P34	062	Treat	good	A	Signature_2	defective DNA mismatch repair	Best match: SBS6 [cosine-similarity: 0.608]	SBS6	0.34873613614738685	SBS6
03-062-T	P34	062	Treat	good	A	Signature_3	Unknown	Best match: SBS5 [cosine-similarity: 0.74]	SBS5	1.377152720711105e-14	SBS5
03-062-T	P34	062	Treat	good	A	Signature_4	Unknown	Best match: SBS5 [cosine-similarity: 0.73]	SBS5	0.06672529857625599	SBS5
03-062-T	P34	062	Treat	good	A	Signature_5	APOBEC Cytidine Deaminase (C>T)	Best match: SBS2 [cosine-similarity: 0.705]	SBS2	1.377152720711105e-14	SBS2/13
03-062-T	P34	062	Treat	good	A	Signature_6	APOBEC Cytidine Deaminase (C>G)	Best match: SBS13 [cosine-similarity: 0.728]	SBS13	0.08840533173547697	SBS2/13
03-062-T	P34	062	Treat	good	A	Signature_7	Possible exposure to chemotherapy	Best match: SBS25 [cosine-similarity: 0.674]	SBS25	0.11707600690093915	SBS25
03-062-T	P34	062	Treat	good	A	Signature_8	Unknown	Best match: SBS5 [cosine-similarity: 0.745]	SBS5	0.3493245086809825	SBS5
03-074-T	NA	074	Treat	good	A	Signature_1	defective DNA mismatch repair	Best match: SBS6 [cosine-similarity: 0.854]	SBS6	3.204433214730152e-14	SBS6
03-074-T	NA	074	Treat	good	A	Signature_2	defective DNA mismatch repair	Best match: SBS6 [cosine-similarity: 0.608]	SBS6	0.7000465708470005	SBS6
03-074-T	NA	074	Treat	good	A	Signature_3	Unknown	Best match: SBS5 [cosine-similarity: 0.74]	SBS5	0.04154947415526582	SBS5
03-074-T	NA	074	Treat	good	A	Signature_4	Unknown	Best match: SBS5 [cosine-similarity: 0.73]	SBS5	3.204433214730152e-14	SBS5
03-074-T	NA	074	Treat	good	A	Signature_5	APOBEC Cytidine Deaminase (C>T)	Best match: SBS2 [cosine-similarity: 0.705]	SBS2	3.204433214730152e-14	SBS2/13
03-074-T	NA	074	Treat	good	A	Signature_6	APOBEC Cytidine Deaminase (C>G)	Best match: SBS13 [cosine-similarity: 0.728]	SBS13	0.0633729407734351	SBS2/13
03-074-T	NA	074	Treat	good	A	Signature_7	Possible exposure to chemotherapy	Best match: SBS25 [cosine-similarity: 0.674]	SBS25	0.1950310142241704	SBS25
03-074-T	NA	074	Treat	good	A	Signature_8	Unknown	Best match: SBS5 [cosine-similarity: 0.745]	SBS5	3.204433214730152e-14	SBS5
03-079-T	NA	079	Treat	NA	A	Signature_1	defective DNA mismatch repair	Best match: SBS6 [cosine-similarity: 0.854]	SBS6	0.19863504308496258	SBS6
03-079-T	NA	079	Treat	NA	A	Signature_2	defective DNA mismatch repair	Best match: SBS6 [cosine-similarity: 0.608]	SBS6	0.11640964034447096	SBS6
03-079-T	NA	079	Treat	NA	A	Signature_3	Unknown	Best match: SBS5 [cosine-similarity: 0.74]	SBS5	0.05605931888543444	SBS5
03-079-T	NA	079	Treat	NA	A	Signature_4	Unknown	Best match: SBS5 [cosine-similarity: 0.73]	SBS5	6.897739375554877e-15	SBS5
03-079-T	NA	079	Treat	NA	A	Signature_5	APOBEC Cytidine Deaminase (C>T)	Best match: SBS2 [cosine-similarity: 0.705]	SBS2	0.22121552743421305	SBS2/13
03-079-T	NA	079	Treat	NA	A	Signature_6	APOBEC Cytidine Deaminase (C>G)	Best match: SBS13 [cosine-similarity: 0.728]	SBS13	0.041282588019861205	SBS2/13
03-079-T	NA	079	Treat	NA	A	Signature_7	Possible exposure to chemotherapy	Best match: SBS25 [cosine-similarity: 0.674]	SBS25	0.12184196930964851	SBS25
03-079-T	NA	079	Treat	NA	A	Signature_8	Unknown	Best match: SBS5 [cosine-similarity: 0.745]	SBS5	0.24455591292140233	SBS5
03-080-T	NA	080	Treat	good	A	Signature_1	defective DNA mismatch repair	Best match: SBS6 [cosine-similarity: 0.854]	SBS6	2.297586577063945e-14	SBS6
03-080-T	NA	080	Treat	good	A	Signature_2	defective DNA mismatch repair	Best match: SBS6 [cosine-similarity: 0.608]	SBS6	0.5709409527333068	SBS6
03-080-T	NA	080	Treat	good	A	Signature_3	Unknown	Best match: SBS5 [cosine-similarity: 0.74]	SBS5	0.08173928765983904	SBS5
03-080-T	NA	080	Treat	good	A	Signature_4	Unknown	Best match: SBS5 [cosine-similarity: 0.73]	SBS5	2.297586577063945e-14	SBS5
03-080-T	NA	080	Treat	good	A	Signature_5	APOBEC Cytidine Deaminase (C>T)	Best match: SBS2 [cosine-similarity: 0.705]	SBS2	2.297586577063945e-14	SBS2/13
03-080-T	NA	080	Treat	good	A	Signature_6	APOBEC Cytidine Deaminase (C>G)	Best match: SBS13 [cosine-similarity: 0.728]	SBS13	0.041412332953296514	SBS2/13
03-080-T	NA	080	Treat	good	A	Signature_7	Possible exposure to chemotherapy	Best match: SBS25 [cosine-similarity: 0.674]	SBS25	0.23409953720555826	SBS25
03-080-T	NA	080	Treat	good	A	Signature_8	Unknown	Best match: SBS5 [cosine-similarity: 0.745]	SBS5	0.07180788944793054	SBS5
