source	target	weight.x	weight.y	weight.diff	weight	comp_type	weight_type
B & Plasma	B & Plasma	0.03863600687545477	0.04026726671469229	-0.0016312598392375158	0.0016312598392375158	Post-treatment: R vs NR	R < NR
B & Plasma	Endothelial	0.01732990898846096	0.01775912946511544	-4.2922047665448076e-4	4.2922047665448076e-4	Post-treatment: R vs NR	R < NR
B & Plasma	Fibroblast	0.01249945756146867	0.01393038394149865	-0.0014309263800299787	0.0014309263800299787	Post-treatment: R vs NR	R < NR
B & Plasma	Myeloid	0.01539155927110775	0.02128645213125838	-0.00589489286015063	0.00589489286015063	Post-treatment: R vs NR	R < NR
B & Plasma	T cells	0.03906163391385553	0.05036861773167045	-0.01130698381781492	0.01130698381781492	Post-treatment: R vs NR	R < NR
B & Plasma	Tumor_Gp1	0.01761294653255039	0.0234825381840844	-0.005869591651534011	0.005869591651534011	Post-treatment: R vs NR	R < NR
B & Plasma	Tumor_Gp2	0	0.07460751523410995	-0.07460751523410995	0.07460751523410995	Post-treatment: R vs NR	R < NR
Endothelial	B & Plasma	0.0207870008685843	0.03280140658159493	-0.012014405713010629	0.012014405713010629	Post-treatment: R vs NR	R < NR
Endothelial	Endothelial	0.02181701871190372	0.02016718510846592	0.0016498336034377996	0.0016498336034377996	Post-treatment: R vs NR	R > NR
Endothelial	Fibroblast	0.01176191922217541	0.01326374445544485	-0.0015018252332694403	0.0015018252332694403	Post-treatment: R vs NR	R < NR
Endothelial	Myeloid	0.02165464109202296	0.02368379829652854	-0.0020291572045055793	0.0020291572045055793	Post-treatment: R vs NR	R < NR
Endothelial	T cells	0.03798867314143416	0.04347796439349143	-0.005489291252057271	0.005489291252057271	Post-treatment: R vs NR	R < NR
Endothelial	Tumor_Gp1	0.0133204021412032	0.01752368344185019	-0.00420328130064699	0.00420328130064699	Post-treatment: R vs NR	R < NR
Endothelial	Tumor_Gp2	0.07567200824232513	0.032473445751274047	0.043198562491051085	0.043198562491051085	Post-treatment: R vs NR	R > NR
Fibroblast	B & Plasma	0.02750154288920322	0.03578778544878838	-0.008286242559585159	0.008286242559585159	Post-treatment: R vs NR	R < NR
Fibroblast	Endothelial	0.02071581046737185	0.02020434183372419	5.114686336476597e-4	5.114686336476597e-4	Post-treatment: R vs NR	R > NR
Fibroblast	Fibroblast	0.01709539785384756	0.02179116395279114	-0.0046957660989435795	0.0046957660989435795	Post-treatment: R vs NR	R < NR
Fibroblast	Myeloid	0.03399578120451949	0.02929422566738549	0.004701555537133997	0.004701555537133997	Post-treatment: R vs NR	R > NR
Fibroblast	T cells	0.04866734169819259	0.0479962022857702	6.711394124223891e-4	6.711394124223891e-4	Post-treatment: R vs NR	R > NR
Fibroblast	Tumor_Gp1	0.02571662919165675	0.03274310531299032	-0.007026476121333572	0.007026476121333572	Post-treatment: R vs NR	R < NR
Fibroblast	Tumor_Gp2	0.07501923321026645	0.03729542726746308	0.03772380594280337	0.03772380594280337	Post-treatment: R vs NR	R > NR
Myeloid	B & Plasma	0.01434331128818151	0.0234660591009586	-0.00912274781277709	0.00912274781277709	Post-treatment: R vs NR	R < NR
Myeloid	Endothelial	0.02443695612636337	0.019141916438915	0.0052950396874483704	0.0052950396874483704	Post-treatment: R vs NR	R > NR
Myeloid	Fibroblast	0.01375772655523329	0.01446138776346345	-7.036612082301601e-4	7.036612082301601e-4	Post-treatment: R vs NR	R < NR
Myeloid	Myeloid	0.01604618441123756	0.01964938592651472	-0.0036032015152771615	0.0036032015152771615	Post-treatment: R vs NR	R < NR
Myeloid	T cells	0.03045601902704203	0.0344718006807142	-0.004015781653672168	0.004015781653672168	Post-treatment: R vs NR	R < NR
Myeloid	Tumor_Gp1	0.0167921463080539	0.01428121685863485	0.002510929449419049	0.002510929449419049	Post-treatment: R vs NR	R > NR
Myeloid	Tumor_Gp2	0	0.04163753517140185	-0.04163753517140185	0.04163753517140185	Post-treatment: R vs NR	R < NR
T cells	B & Plasma	0.0460818231028783	0.04118488877958173	0.004896934323296569	0.004896934323296569	Post-treatment: R vs NR	R > NR
T cells	Endothelial	0.02968247599622641	0.02306468202735971	0.006617793968866699	0.006617793968866699	Post-treatment: R vs NR	R > NR
T cells	Fibroblast	0.01759105193181097	0.0146033835382713	0.0029876683935396685	0.0029876683935396685	Post-treatment: R vs NR	R > NR
T cells	Myeloid	0.02198178425222789	0.0209225714744989	0.0010592127777289892	0.0010592127777289892	Post-treatment: R vs NR	R > NR
T cells	T cells	0.04999422056318114	0.05020785663731428	-2.1363607413314029e-4	2.1363607413314029e-4	Post-treatment: R vs NR	R < NR
T cells	Tumor_Gp1	0.0233806047520611	0.01491391010349819	0.00846669464856291	0.00846669464856291	Post-treatment: R vs NR	R > NR
T cells	Tumor_Gp2	0	0.0379380746855746	-0.0379380746855746	0.0379380746855746	Post-treatment: R vs NR	R < NR
Tumor_Gp1	B & Plasma	0.04589415761468144	0.04442626115437701	0.0014678964603044298	0.0014678964603044298	Post-treatment: R vs NR	R > NR
Tumor_Gp1	Endothelial	0.02051649025006808	0.01430561051843063	0.006210879731637449	0.006210879731637449	Post-treatment: R vs NR	R > NR
Tumor_Gp1	Fibroblast	0.01745103973096027	0.01066489322878017	0.0067861465021800994	0.0067861465021800994	Post-treatment: R vs NR	R > NR
Tumor_Gp1	Myeloid	0.02959531399192249	0.02744051432618594	0.0021547996657365516	0.0021547996657365516	Post-treatment: R vs NR	R > NR
Tumor_Gp1	T cells	0.03567266163324971	0.03301010961258627	0.0026625520206634418	0.0026625520206634418	Post-treatment: R vs NR	R > NR
Tumor_Gp1	Tumor_Gp1	0.01542646432947058	0.01512700067299019	2.994636564803907e-4	2.994636564803907e-4	Post-treatment: R vs NR	R > NR
Tumor_Gp2	B & Plasma	0.15291637130343153	0.07006718891687017	0.08284918238656136	0.08284918238656136	Post-treatment: R vs NR	R > NR
Tumor_Gp2	Endothelial	0.07567200824232513	0.03392628069244926	0.04174572754987587	0.04174572754987587	Post-treatment: R vs NR	R > NR
Tumor_Gp2	Fibroblast	0.052484016673515	0.02895970020224844	0.02352431647126656	0.02352431647126656	Post-treatment: R vs NR	R > NR
Tumor_Gp2	Myeloid	0.05585282257782741	0.03678507547055348	0.01906774710727393	0.01906774710727393	Post-treatment: R vs NR	R > NR
Tumor_Gp2	T cells	0.08129778696242426	0.05447292649083803	0.026824860471586234	0.026824860471586234	Post-treatment: R vs NR	R > NR
Tumor_Gp2	Tumor_Gp2	0	0.02427825203923826	-0.02427825203923826	0.02427825203923826	Post-treatment: R vs NR	R < NR
B & Plasma	B & Plasma	0.02123828006690578	0.02591775390322115	-0.004679473836315368	0.004679473836315368	Pre-treatment: R vs NR	R < NR
B & Plasma	Endothelial	0.01192143827702301	0.01254746439992221	-6.260261228991995e-4	6.260261228991995e-4	Pre-treatment: R vs NR	R < NR
B & Plasma	Fibroblast	0.00737418815916136	0.01076601511782769	-0.003391826958666331	0.003391826958666331	Pre-treatment: R vs NR	R < NR
B & Plasma	Myeloid	0.01443246787183318	0.01376962313155015	6.628447402830303e-4	6.628447402830303e-4	Pre-treatment: R vs NR	R > NR
B & Plasma	T cells	0.02311885061691592	0.03169403332958398	-0.00857518271266806	0.00857518271266806	Pre-treatment: R vs NR	R < NR
B & Plasma	Tumor_Gp1	0.00485408940171061	0.01262407669534142	-0.00776998729363081	0.00776998729363081	Pre-treatment: R vs NR	R < NR
B & Plasma	Tumor_Gp2	0.00214954094476738	0	0.00214954094476738	0.00214954094476738	Pre-treatment: R vs NR	R > NR
Endothelial	B & Plasma	0.02692473711998168	0.02352582346004052	0.0033989136599411607	0.0033989136599411607	Pre-treatment: R vs NR	R > NR
Endothelial	Endothelial	0.02219743968275666	0.0206396327737102	0.001557806909046458	0.001557806909046458	Pre-treatment: R vs NR	R > NR
Endothelial	Fibroblast	0.01658854669351363	0.01633854517498479	2.500015185288411e-4	2.500015185288411e-4	Pre-treatment: R vs NR	R > NR
Endothelial	Myeloid	0.02566742917184049	0.02704676187384746	-0.0013793327020069704	0.0013793327020069704	Pre-treatment: R vs NR	R < NR
Endothelial	T cells	0.03656647464735688	0.03840574227277613	-0.0018392676254192497	0.0018392676254192497	Pre-treatment: R vs NR	R < NR
Endothelial	Tumor_Gp1	0.01474918152459157	0.01730591713269949	-0.002556735608107921	0.002556735608107921	Pre-treatment: R vs NR	R < NR
Fibroblast	B & Plasma	0.0292275674419143	0.02909480546176831	1.3276198014599075e-4	1.3276198014599075e-4	Pre-treatment: R vs NR	R > NR
Fibroblast	Endothelial	0.02516588529348984	0.02418689058082675	9.789947126630887e-4	9.789947126630887e-4	Pre-treatment: R vs NR	R > NR
Fibroblast	Fibroblast	0.01981548722852393	0.021877689961986	-0.0020622027334620714	0.0020622027334620714	Pre-treatment: R vs NR	R < NR
Fibroblast	Myeloid	0.02931557777956664	0.0348405018253515	-0.005524924045784859	0.005524924045784859	Pre-treatment: R vs NR	R < NR
Fibroblast	T cells	0.04395366206084244	0.04646622512062891	-0.00251256305978647	0.00251256305978647	Pre-treatment: R vs NR	R < NR
Fibroblast	Tumor_Gp1	0.02180283417867232	0.02734159055172379	-0.0055387563730514705	0.0055387563730514705	Pre-treatment: R vs NR	R < NR
Fibroblast	Tumor_Gp2	0	0.06432784961891944	-0.06432784961891944	0.06432784961891944	Pre-treatment: R vs NR	R < NR
Myeloid	B & Plasma	0.01812165668653926	0.0117768453735878	0.006344811312951459	0.006344811312951459	Pre-treatment: R vs NR	R > NR
Myeloid	Endothelial	0.01728051151540299	0.01677075666679498	5.097548486080079e-4	5.097548486080079e-4	Pre-treatment: R vs NR	R > NR
Myeloid	Fibroblast	0.01123621845747704	0.01057020706653693	6.660113909401095e-4	6.660113909401095e-4	Pre-treatment: R vs NR	R > NR
Myeloid	Myeloid	0.01672260917075576	0.01732091047696167	-5.983013062059103e-4	5.983013062059103e-4	Pre-treatment: R vs NR	R < NR
Myeloid	T cells	0.0233686142311144	0.02770788187460389	-0.004339267643489488	0.004339267643489488	Pre-treatment: R vs NR	R < NR
Myeloid	Tumor_Gp1	0.01027045993752674	0.01061564524080391	-3.4518530327717033e-4	3.4518530327717033e-4	Pre-treatment: R vs NR	R < NR
Myeloid	Tumor_Gp2	0.02063113492972926	0.04357345537344347	-0.022942320443714206	0.022942320443714206	Pre-treatment: R vs NR	R < NR
T cells	B & Plasma	0.0294296810386707	0.02895858272078161	4.710983178890897e-4	4.710983178890897e-4	Pre-treatment: R vs NR	R > NR
T cells	Endothelial	0.0192197246040877	0.01864197774371388	5.777468603738213e-4	5.777468603738213e-4	Pre-treatment: R vs NR	R > NR
T cells	Fibroblast	0.01557031568995501	0.01623100670530734	-6.606910153523302e-4	6.606910153523302e-4	Pre-treatment: R vs NR	R < NR
T cells	Myeloid	0.01613494917183665	0.01684907712736822	-7.14127955531569e-4	7.14127955531569e-4	Pre-treatment: R vs NR	R < NR
T cells	T cells	0.03272182663553719	0.04172705184718073	-0.009005225211643542	0.009005225211643542	Pre-treatment: R vs NR	R < NR
T cells	Tumor_Gp1	0.01104348955125538	0.01247189164138839	-0.0014284020901330092	0.0014284020901330092	Pre-treatment: R vs NR	R < NR
T cells	Tumor_Gp2	0	0.06431619064497854	-0.06431619064497854	0.06431619064497854	Pre-treatment: R vs NR	R < NR
Tumor_Gp1	B & Plasma	0.01371174719188417	0.02037234419702512	-0.006660597005140949	0.006660597005140949	Pre-treatment: R vs NR	R < NR
Tumor_Gp1	Endothelial	0.00981004718914113	0.01242893743892274	-0.002618890249781609	0.002618890249781609	Pre-treatment: R vs NR	R < NR
Tumor_Gp1	Fibroblast	0.00641034033805033	0.00980390214987592	-0.00339356181182559	0.00339356181182559	Pre-treatment: R vs NR	R < NR
Tumor_Gp1	Myeloid	0.01450924591792997	0.02240453943286842	-0.007895293514938449	0.007895293514938449	Pre-treatment: R vs NR	R < NR
Tumor_Gp1	T cells	0.0201300141709704	0.02491248541123761	-0.004782471240267212	0.004782471240267212	Pre-treatment: R vs NR	R < NR
Tumor_Gp1	Tumor_Gp1	0.00621669254444135	0.01117208233740836	-0.00495538979296701	0.00495538979296701	Pre-treatment: R vs NR	R < NR
Tumor_Gp1	Tumor_Gp2	0.02333931237332984	0	0.02333931237332984	0.02333931237332984	Pre-treatment: R vs NR	R > NR
Tumor_Gp2	B & Plasma	0.07553840942609161	0.06921038104048682	0.006328028385604784	0.006328028385604784	Pre-treatment: R vs NR	R > NR
Tumor_Gp2	Fibroblast	0	0.0768588646463332	-0.0768588646463332	0.0768588646463332	Pre-treatment: R vs NR	R < NR
Tumor_Gp2	Myeloid	0.1039056841367993	0.10509621715714389	-0.0011905330203445808	0.0011905330203445808	Pre-treatment: R vs NR	R < NR
Tumor_Gp2	T cells	0.08627756001945498	0.0801289167455448	0.0061486432739101815	0.0061486432739101815	Pre-treatment: R vs NR	R > NR
Tumor_Gp2	Tumor_Gp1	0.08199931431945436	0	0.08199931431945436	0.08199931431945436	Pre-treatment: R vs NR	R > NR
Tumor_Gp2	Tumor_Gp2	0	0.04122211896308701	-0.04122211896308701	0.04122211896308701	Pre-treatment: R vs NR	R < NR
