response	sample_type	source	target	n_interaction	prob_mean	prob_med
NR	post	B & Plasma	B & Plasma	8	0.040267266714692294	0.024218839354512602
NR	post	B & Plasma	Endothelial	11	0.01775912946511544	0.011470483681673319
NR	post	B & Plasma	Fibroblast	14	0.013930383941498658	0.005101938718182739
NR	post	B & Plasma	Myeloid	28	0.021286452131258387	0.013353749619667139
NR	post	B & Plasma	T cells	20	0.05036861773167045	0.04354816562232843
NR	post	B & Plasma	Tumor_Gp1	5	0.023482538184084405	0.008534240366269768
NR	post	B & Plasma	Tumor_Gp2	1	0.07460751523410995	0.07460751523410995
NR	post	Endothelial	B & Plasma	31	0.03280140658159493	0.01220719274656437
NR	post	Endothelial	Endothelial	71	0.020167185108465928	0.009380753536132833
NR	post	Endothelial	Fibroblast	76	0.013263744455444858	0.006511203407519603
NR	post	Endothelial	Myeloid	66	0.023683798296528547	0.010534943783255181
NR	post	Endothelial	T cells	43	0.043477964393491435	0.022279327863665193
NR	post	Endothelial	Tumor_Gp1	114	0.017523683441850194	0.009337768452694522
NR	post	Endothelial	Tumor_Gp2	12	0.032473445751274053	0.031976383350082134
NR	post	Fibroblast	B & Plasma	49	0.035787785448788384	0.017824089489017838
NR	post	Fibroblast	Endothelial	85	0.020204341833724195	0.010531668873989508
NR	post	Fibroblast	Fibroblast	98	0.021791163952791143	0.010527563632155647
NR	post	Fibroblast	Myeloid	87	0.029294225667385498	0.010213748941305402
NR	post	Fibroblast	T cells	54	0.0479962022857702	0.03256393323864055
NR	post	Fibroblast	Tumor_Gp1	157	0.03274310531299032	0.018487698116288184
NR	post	Fibroblast	Tumor_Gp2	37	0.037295427267463085	0.022379663942027034
NR	post	Myeloid	B & Plasma	19	0.023466059100958607	0.007571323744761508
NR	post	Myeloid	Endothelial	31	0.019141916438915007	0.010939021759474327
NR	post	Myeloid	Fibroblast	32	0.014461387763463458	0.0054040980060177666
NR	post	Myeloid	Myeloid	54	0.019649385926514724	0.011645511966440054
NR	post	Myeloid	T cells	39	0.034471800680714204	0.018158434467723594
NR	post	Myeloid	Tumor_Gp1	31	0.014281216858634854	0.011475025712479686
NR	post	Myeloid	Tumor_Gp2	3	0.041637535171401854	0.02576847974940417
NR	post	T cells	B & Plasma	9	0.04118488877958173	0.010216617781441876
NR	post	T cells	Endothelial	19	0.023064682027359718	0.005748964606541866
NR	post	T cells	Fibroblast	23	0.014603383538271302	0.005823918132562983
NR	post	T cells	Myeloid	30	0.020922571474498903	0.010619959439630882
NR	post	T cells	T cells	27	0.05020785663731428	0.03356026037251838
NR	post	T cells	Tumor_Gp1	18	0.014913910103498197	0.004297423957176086
NR	post	T cells	Tumor_Gp2	4	0.037938074685574606	0.026100343274796788
NR	post	Tumor_Gp1	B & Plasma	19	0.04442626115437701	0.015075659744878853
NR	post	Tumor_Gp1	Endothelial	70	0.014305610518430632	0.005004678512486505
NR	post	Tumor_Gp1	Fibroblast	71	0.010664893228780174	0.004671433158212478
NR	post	Tumor_Gp1	Myeloid	40	0.027440514326185945	0.009917666589041637
NR	post	Tumor_Gp1	T cells	41	0.03301010961258627	0.015656477132507205
NR	post	Tumor_Gp1	Tumor_Gp1	125	0.015127000672990195	0.007302659032047953
NR	post	Tumor_Gp2	B & Plasma	7	0.07006718891687017	0.04347180492881021
NR	post	Tumor_Gp2	Endothelial	13	0.03392628069244926	0.03137521659316344
NR	post	Tumor_Gp2	Fibroblast	12	0.02895970020224844	0.01435831088062318
NR	post	Tumor_Gp2	Myeloid	12	0.03678507547055348	0.014321825174269092
NR	post	Tumor_Gp2	T cells	17	0.054472926490838035	0.03358678326706458
NR	post	Tumor_Gp2	Tumor_Gp2	15	0.02427825203923826	0.011239264813747624
NR	pre	B & Plasma	B & Plasma	9	0.025917753903221152	0.008897991204206307
NR	pre	B & Plasma	Endothelial	13	0.012547464399922216	0.004381283444412553
NR	pre	B & Plasma	Fibroblast	13	0.01076601511782769	0.002764299831280854
NR	pre	B & Plasma	Myeloid	31	0.01376962313155015	0.005112055177713182
NR	pre	B & Plasma	T cells	25	0.03169403332958398	0.02326348563925147
NR	pre	B & Plasma	Tumor_Gp1	9	0.012624076695341428	0.0024648219713507965
NR	pre	Endothelial	B & Plasma	45	0.023525823460040528	0.00763498803635192
NR	pre	Endothelial	Endothelial	91	0.020639632773710205	0.011727387068017188
NR	pre	Endothelial	Fibroblast	86	0.01633854517498479	0.007822546112793765
NR	pre	Endothelial	Myeloid	64	0.027046761873847466	0.008933666877318515
NR	pre	Endothelial	T cells	51	0.038405742272776135	0.02237033392861543
NR	pre	Endothelial	Tumor_Gp1	125	0.017305917132699494	0.009660183770677781
NR	pre	Fibroblast	B & Plasma	52	0.029094805461768316	0.012623359474285903
NR	pre	Fibroblast	Endothelial	108	0.024186890580826754	0.014562849038723132
NR	pre	Fibroblast	Fibroblast	116	0.021877689961986007	0.008258745842813438
NR	pre	Fibroblast	Myeloid	73	0.0348405018253515	0.009831195665309102
NR	pre	Fibroblast	T cells	55	0.046466225120628916	0.026444814877172814
NR	pre	Fibroblast	Tumor_Gp1	152	0.02734159055172379	0.017984134699414657
NR	pre	Fibroblast	Tumor_Gp2	46	0.06432784961891944	0.05755552386398363
NR	pre	Myeloid	B & Plasma	19	0.011776845373587804	0.004336409318701428
NR	pre	Myeloid	Endothelial	31	0.01677075666679498	0.006220637206259936
NR	pre	Myeloid	Fibroblast	30	0.01057020706653693	0.003600371339244059
NR	pre	Myeloid	Myeloid	45	0.01732091047696167	0.00949248046295262
NR	pre	Myeloid	T cells	42	0.02770788187460389	0.013728168746590691
NR	pre	Myeloid	Tumor_Gp1	32	0.010615645240803911	0.0044396489693894455
NR	pre	Myeloid	Tumor_Gp2	3	0.043573455373443475	0.011024642565097706
NR	pre	T cells	B & Plasma	9	0.028958582720781615	0.004043980801632373
NR	pre	T cells	Endothelial	21	0.018641977743713883	0.010005573501858213
NR	pre	T cells	Fibroblast	18	0.01623100670530734	0.0054074584840532215
NR	pre	T cells	Myeloid	30	0.016849077127368224	0.006463244449051291
NR	pre	T cells	T cells	28	0.04172705184718073	0.02703332703527439
NR	pre	T cells	Tumor_Gp1	20	0.01247189164138839	0.0038079784673926494
NR	pre	T cells	Tumor_Gp2	2	0.06431619064497854	0.06431619064497854
NR	pre	Tumor_Gp1	B & Plasma	37	0.02037234419702512	0.005353978822277087
NR	pre	Tumor_Gp1	Endothelial	85	0.012428937438922741	0.00654937294856505
NR	pre	Tumor_Gp1	Fibroblast	88	0.009803902149875927	0.004609424237024954
NR	pre	Tumor_Gp1	Myeloid	50	0.02240453943286842	0.008274081371186416
NR	pre	Tumor_Gp1	T cells	54	0.02491248541123761	0.012759719704040303
NR	pre	Tumor_Gp1	Tumor_Gp1	148	0.011172082337408362	0.005591365492018916
NR	pre	Tumor_Gp2	B & Plasma	5	0.06921038104048682	0.044457278901558255
NR	pre	Tumor_Gp2	Fibroblast	4	0.0768588646463332	0.06357299970968452
NR	pre	Tumor_Gp2	Myeloid	6	0.10509621715714387	0.0948270626738289
NR	pre	Tumor_Gp2	T cells	12	0.0801289167455448	0.07140299356455804
NR	pre	Tumor_Gp2	Tumor_Gp2	19	0.04122211896308701	0.027619751537795813
R	post	B & Plasma	B & Plasma	7	0.03863600687545477	0.020413633589687067
R	post	B & Plasma	Endothelial	10	0.017329908988460964	0.012364227927573478
R	post	B & Plasma	Fibroblast	16	0.012499457561468679	0.004248024188914014
R	post	B & Plasma	Myeloid	25	0.015391559271107755	0.006749763572450843
R	post	B & Plasma	T cells	21	0.03906163391385553	0.03592722505428061
R	post	B & Plasma	Tumor_Gp1	5	0.017612946532550397	0.004028698145652687
R	post	Endothelial	B & Plasma	40	0.020787000868584305	0.006467057205922094
R	post	Endothelial	Endothelial	72	0.021817018711903727	0.008608552627877545
R	post	Endothelial	Fibroblast	72	0.011761919222175414	0.005322102830021439
R	post	Endothelial	Myeloid	56	0.02165464109202296	0.010686550099780845
R	post	Endothelial	T cells	47	0.03798867314143416	0.02470478491603853
R	post	Endothelial	Tumor_Gp1	76	0.013320402141203206	0.00704360446681594
R	post	Endothelial	Tumor_Gp2	1	0.07567200824232513	0.07567200824232513
R	post	Fibroblast	B & Plasma	55	0.027501542889203222	0.01275982732467766
R	post	Fibroblast	Endothelial	92	0.020715810467371854	0.01085107183589359
R	post	Fibroblast	Fibroblast	112	0.01709539785384756	0.00789353403488546
R	post	Fibroblast	Myeloid	63	0.03399578120451949	0.011963369662811568
R	post	Fibroblast	T cells	50	0.04866734169819259	0.03215728289185228
R	post	Fibroblast	Tumor_Gp1	113	0.025716629191656758	0.014881495819909057
R	post	Fibroblast	Tumor_Gp2	1	0.07501923321026645	0.07501923321026645
R	post	Myeloid	B & Plasma	19	0.01434331128818151	0.00311788742867518
R	post	Myeloid	Endothelial	23	0.024436956126363374	0.007697808607669926
R	post	Myeloid	Fibroblast	25	0.013757726555233295	0.005808792492055874
R	post	Myeloid	Myeloid	35	0.016046184411237566	0.009851690402589607
R	post	Myeloid	T cells	33	0.030456019027042033	0.020489597326991127
R	post	Myeloid	Tumor_Gp1	16	0.016792146308053906	0.007874714434258013
R	post	T cells	B & Plasma	6	0.046081823102878304	0.02254748083103027
R	post	T cells	Endothelial	16	0.029682475996226414	0.009082337423375076
R	post	T cells	Fibroblast	18	0.01759105193181097	0.005659621611805386
R	post	T cells	Myeloid	19	0.021981784252227896	0.008257627589026798
R	post	T cells	T cells	24	0.049994220563181146	0.03734579045054061
R	post	T cells	Tumor_Gp1	9	0.0233806047520611	0.008475830227244897
R	post	Tumor_Gp1	B & Plasma	12	0.04589415761468144	0.01035073193557404
R	post	Tumor_Gp1	Endothelial	26	0.020516490250068083	0.008857047044430369
R	post	Tumor_Gp1	Fibroblast	23	0.017451039730960276	0.00822726091066096
R	post	Tumor_Gp1	Myeloid	22	0.02959531399192249	0.007194241894359096
R	post	Tumor_Gp1	T cells	27	0.03567266163324971	0.02262637582767342
R	post	Tumor_Gp1	Tumor_Gp1	52	0.015426464329470582	0.005455950344010179
R	post	Tumor_Gp2	B & Plasma	1	0.15291637130343153	0.15291637130343153
R	post	Tumor_Gp2	Endothelial	1	0.07567200824232513	0.07567200824232513
R	post	Tumor_Gp2	Fibroblast	3	0.052484016673515	0.05868500692988601
R	post	Tumor_Gp2	Myeloid	5	0.055852822577827414	0.060349787266718795
R	post	Tumor_Gp2	T cells	3	0.08129778696242426	0.09083796948809687
R	pre	B & Plasma	B & Plasma	14	0.021238280066905785	0.007933246434747123
R	pre	B & Plasma	Endothelial	15	0.011921438277023013	0.0034072006172043957
R	pre	B & Plasma	Fibroblast	20	0.0073741881591613614	0.0025138128746547356
R	pre	B & Plasma	Myeloid	35	0.014432467871833188	0.005631213156204323
R	pre	B & Plasma	T cells	41	0.023118850616915924	0.011447442769705938
R	pre	B & Plasma	Tumor_Gp1	27	0.004854089401710616	0.0011169522628152724
R	pre	B & Plasma	Tumor_Gp2	1	0.0021495409447673834	0.0021495409447673834
R	pre	Endothelial	B & Plasma	44	0.026924737119981685	0.012450370943401914
R	pre	Endothelial	Endothelial	84	0.02219743968275666	0.014041454080752351
R	pre	Endothelial	Fibroblast	95	0.01658854669351363	0.0062555796917567125
R	pre	Endothelial	Myeloid	79	0.02566742917184049	0.00976423066151898
R	pre	Endothelial	T cells	58	0.036566474647356885	0.021958528720887924
R	pre	Endothelial	Tumor_Gp1	139	0.014749181524591573	0.0067478392582998046
R	pre	Fibroblast	B & Plasma	58	0.029227567441914303	0.011081206650099547
R	pre	Fibroblast	Endothelial	106	0.025165885293489846	0.015814909211131996
R	pre	Fibroblast	Fibroblast	152	0.01981548722852393	0.007763956842768826
R	pre	Fibroblast	Myeloid	102	0.02931557777956664	0.009187189999323022
R	pre	Fibroblast	T cells	63	0.04395366206084244	0.02139196306808502
R	pre	Fibroblast	Tumor_Gp1	176	0.021802834178672327	0.01005470328744957
R	pre	Myeloid	B & Plasma	24	0.01812165668653926	0.006154303691960688
R	pre	Myeloid	Endothelial	36	0.017280511515402993	0.0061566742286877675
R	pre	Myeloid	Fibroblast	41	0.011236218457477042	0.003805366102428508
R	pre	Myeloid	Myeloid	62	0.016722609170755763	0.00787023995184191
R	pre	Myeloid	T cells	58	0.023368614231114405	0.014792085395904623
R	pre	Myeloid	Tumor_Gp1	48	0.01027045993752674	0.004341463351819509
R	pre	Myeloid	Tumor_Gp2	1	0.020631134929729268	0.020631134929729268
R	pre	T cells	B & Plasma	13	0.0294296810386707	0.007884504070625183
R	pre	T cells	Endothelial	21	0.019219724604087707	0.01154799993457418
R	pre	T cells	Fibroblast	23	0.015570315689955013	0.007698928807080504
R	pre	T cells	Myeloid	36	0.01613494917183665	0.0069061702218503095
R	pre	T cells	T cells	36	0.032721826635537195	0.01658612451240961
R	pre	T cells	Tumor_Gp1	29	0.011043489551255387	0.00564949694111866
R	pre	Tumor_Gp1	B & Plasma	50	0.01371174719188417	0.00322232262591048
R	pre	Tumor_Gp1	Endothelial	96	0.009810047189141137	0.004361339407388549
R	pre	Tumor_Gp1	Fibroblast	116	0.006410340338050339	0.002894353844976185
R	pre	Tumor_Gp1	Myeloid	75	0.014509245917929974	0.004522386811056392
R	pre	Tumor_Gp1	T cells	66	0.020130014170970406	0.008482437266647682
R	pre	Tumor_Gp1	Tumor_Gp1	220	0.006216692544441358	0.002454393251551121
R	pre	Tumor_Gp1	Tumor_Gp2	3	0.02333931237332984	0.02343948011004229
R	pre	Tumor_Gp2	B & Plasma	1	0.07553840942609161	0.07553840942609161
R	pre	Tumor_Gp2	Myeloid	3	0.1039056841367993	0.08660423071627056
R	pre	Tumor_Gp2	T cells	5	0.08627756001945498	0.0399200587804795
R	pre	Tumor_Gp2	Tumor_Gp1	1	0.08199931431945436	0.08199931431945436
