cell_group	gene	cells_in_group	mean_expression	positive_cells	percent_expressed
CD4_CXCL13	NCAM1	13152	0.0014726453	17	0.12925791
CD4_CXCL13	FCER1G	13152	0.010664775	119	0.90480535
CD4_CXCL13	KLRC1	13152	0.0032064271	34	0.25851582
CD4_CXCL13	TYROBP	13152	0.017158101	184	1.3990268
CD4_CXCL13	CD3E	13152	2.2249173	12534	95.301095
CD4_CXCL13	CD4	13152	0.6881351	6385	48.547749
CD4_CXCL13	TNFRSF4	13152	1.3876955	8755	66.567822
CD4_CXCL13	CD8A	13152	0.060244652	419	3.1858273
CD4_CXCL13	CD8B	13152	0.040370839	355	2.6992092
CD4_CXCL13	FOXP3	13152	0.11062534	943	7.1700122
CD4_CXCL13	IKZF2	13152	0.13288701	1248	9.4890511
CD4_CXCL13	CCR7	13152	1.0071601	6241	47.452859
CD4_CXCL13	SELL	13152	0.63197761	5056	38.442822
CD4_CXCL13	TCF7	13152	0.79046747	6071	46.16028
CD4_CXCL13	IL7R	13152	1.6710219	9843	74.840328
CD4_CXCL13	PDCD1	13152	0.69757546	5805	44.137774
CD4_CXCL13	HAVCR2	13152	0.11823553	1179	8.9644161
CD4_CXCL13	ENTPD1	13152	0.24409416	2148	16.332117
CD4_CXCL13	TNFRSF9	13152	0.16814887	1504	11.435523
CD4_CXCL13	CXCL13	13152	2.0032962	7654	58.196472
CD4_CXCL13	CST7	13152	0.49728141	3997	30.390815
CD4_CXCL13	GZMH	13152	0.047821191	416	3.163017
CD4_CXCL13	GZMK	13152	0.075482193	488	3.7104623
CD4_CXCL13	GZMM	13152	0.57743291	5406	41.104015
CD4_CXCL13	IFNG	13152	0.21313621	1654	12.576034
CD4_CXCL13	PRF1	13152	0.19124665	1836	13.959854
CD4_CXCL13	KLRG1	13152	0.042949881	500	3.8017032
CD4_CXCL13	NKG7	13152	0.12913111	1027	7.8086983
CD4_CXCL13	GZMA	13152	0.21531753	1492	11.344282
CD4_CXCL13	CD101	13152	0.043795575	495	3.7636861
CD4_CXCL13	CXCR6	13152	0.32200816	2366	17.989659
CD4_CXCL13	CD69	13152	1.1042446	7398	56.25
CD4_CXCL13	CX3CR1	13152	0.00074787828	11	0.08363747
CD4_CXCL13	ITGAE	13152	0.38692965	3806	28.938564
CD4_CXCL13	MT-ATP6	13152	2.2095072	12060	91.69708
CD4_CXCL13	MT-ND3	13152	1.7127035	11047	83.99483
CD4_CXCL13	ANXA1	13152	0.74673368	4667	35.485097
CD4_CXCL13	CCL5	13152	0.32163537	1944	14.781022
CD4_CXCL13	KLRB1	13152	0.99354837	6954	52.874088
CD4_CXCL13	MKI67	13152	0.026837097	315	2.395073
CD4_CXCL13	RPL30	13152	3.7036041	13109	99.673054
CD4_KLRB1	NCAM1	20635	0.0011175967	18	0.087230434
CD4_KLRB1	FCER1G	20635	0.012530532	212	1.0273807
CD4_KLRB1	KLRC1	20635	0.017597432	208	1.0079961
CD4_KLRB1	TYROBP	20635	0.022217231	356	1.7252241
CD4_KLRB1	CD3E	20635	2.4786265	20213	97.954931
CD4_KLRB1	CD4	20635	0.60392638	8936	43.305064
CD4_KLRB1	TNFRSF4	20635	0.91344054	9863	47.797432
CD4_KLRB1	CD8A	20635	0.13228432	1360	6.5907439
CD4_KLRB1	CD8B	20635	0.061860919	776	3.7606009
CD4_KLRB1	FOXP3	20635	0.19375515	2403	11.645263
CD4_KLRB1	IKZF2	20635	0.054612376	863	4.1822147
CD4_KLRB1	CCR7	20635	0.4328656	4446	21.545917
CD4_KLRB1	SELL	20635	0.32200641	4252	20.605767
CD4_KLRB1	TCF7	20635	0.18862658	2839	13.758178
CD4_KLRB1	IL7R	20635	1.9791112	15991	77.494548
CD4_KLRB1	PDCD1	20635	0.6156691	8072	39.118003
CD4_KLRB1	HAVCR2	20635	0.12054983	1890	9.1591955
CD4_KLRB1	ENTPD1	20635	0.275044	3669	17.78047
CD4_KLRB1	TNFRSF9	20635	0.085160471	1296	6.2805912
CD4_KLRB1	CXCL13	20635	0.4967843	3783	18.332929
CD4_KLRB1	CST7	20635	0.91321319	10971	53.166949
CD4_KLRB1	GZMH	20635	0.146751	1845	8.9411195
CD4_KLRB1	GZMK	20635	0.12908702	1280	6.2030531
CD4_KLRB1	GZMM	20635	0.62312397	8927	43.261449
CD4_KLRB1	IFNG	20635	0.18023479	2137	10.356191
CD4_KLRB1	PRF1	20635	0.26483884	3816	18.492852
CD4_KLRB1	KLRG1	20635	0.047330466	830	4.0222922
CD4_KLRB1	NKG7	20635	0.23094304	3002	14.548098
CD4_KLRB1	GZMA	20635	1.1495239	10798	52.328568
CD4_KLRB1	CD101	20635	0.096085691	1546	7.492125
CD4_KLRB1	CXCR6	20635	1.1094229	11652	56.467167
CD4_KLRB1	CD69	20635	1.5347441	14256	69.086504
CD4_KLRB1	CX3CR1	20635	0.00057323834	13	0.062999758
CD4_KLRB1	ITGAE	20635	0.52802965	7285	35.304095
CD4_KLRB1	MT-ATP6	20635	2.0590388	18387	89.105888
CD4_KLRB1	MT-ND3	20635	1.5757246	16529	80.101769
CD4_KLRB1	ANXA1	20635	1.3625458	12025	58.274776
CD4_KLRB1	CCL5	20635	0.88800183	7283	35.294403
CD4_KLRB1	KLRB1	20635	1.4514644	13660	66.198207
CD4_KLRB1	MKI67	20635	0.029207496	504	2.4424521
CD4_KLRB1	RPL30	20635	3.6607252	20600	99.830385
CD8_ANXA1	NCAM1	15789	0.029463265	335	2.1217303
CD8_ANXA1	FCER1G	15789	0.015283516	181	1.1463677
CD8_ANXA1	KLRC1	15789	0.41336996	3689	23.364368
CD8_ANXA1	TYROBP	15789	0.066509027	619	3.9204509
CD8_ANXA1	CD3E	15789	2.3173245	15170	96.079549
CD8_ANXA1	CD4	15789	0.059953142	733	4.6424726
CD8_ANXA1	TNFRSF4	15789	0.086344741	957	6.0611818
CD8_ANXA1	CD8A	15789	1.9592177	12796	81.043765
CD8_ANXA1	CD8B	15789	1.2279361	10397	65.849642
CD8_ANXA1	FOXP3	15789	0.019051793	222	1.4060422
CD8_ANXA1	IKZF2	15789	0.053476281	622	3.9394515
CD8_ANXA1	CCR7	15789	0.54974831	4352	27.563494
CD8_ANXA1	SELL	15789	0.19228359	1993	12.622712
CD8_ANXA1	TCF7	15789	0.38992797	4261	26.987143
CD8_ANXA1	IL7R	15789	2.1629831	12680	80.309076
CD8_ANXA1	PDCD1	15789	0.41054683	4123	26.113117
CD8_ANXA1	HAVCR2	15789	0.06988587	813	5.1491545
CD8_ANXA1	ENTPD1	15789	0.079621763	880	5.5735005
CD8_ANXA1	TNFRSF9	15789	0.13985857	1496	9.4749509
CD8_ANXA1	CXCL13	15789	0.12737893	911	5.7698398
CD8_ANXA1	CST7	15789	1.7372646	12927	81.873456
CD8_ANXA1	GZMH	15789	0.84706253	7188	45.525366
CD8_ANXA1	GZMK	15789	0.79840734	5790	36.6711
CD8_ANXA1	GZMM	15789	0.92155944	9156	57.98974
CD8_ANXA1	IFNG	15789	0.49580655	3834	24.282728
CD8_ANXA1	PRF1	15789	0.98130649	8502	53.847615
CD8_ANXA1	KLRG1	15789	0.15579994	1737	11.00133
CD8_ANXA1	NKG7	15789	2.0529265	13314	84.32453
CD8_ANXA1	GZMA	15789	1.4891472	10725	67.927038
CD8_ANXA1	CD101	15789	0.1187467	1429	9.0506049
CD8_ANXA1	CXCR6	15789	0.53782114	4992	31.616949
CD8_ANXA1	CD69	15789	1.9340305	12606	79.840395
CD8_ANXA1	CX3CR1	15789	0.003881579	51	0.32300969
CD8_ANXA1	ITGAE	15789	0.63619525	6329	40.084869
CD8_ANXA1	MT-ATP6	15789	2.5219813	15011	95.072519
CD8_ANXA1	MT-ND3	15789	2.0436322	14090	89.239344
CD8_ANXA1	ANXA1	15789	2.260787	13812	87.478624
CD8_ANXA1	CCL5	15789	3.3434904	15505	98.201279
CD8_ANXA1	KLRB1	15789	0.52770792	4254	26.942808
CD8_ANXA1	MKI67	15789	0.019137081	227	1.4377098
CD8_ANXA1	RPL30	15789	3.8549032	15776	99.917664
CD8_CCL5	NCAM1	17401	0.062140727	740	4.2526292
CD8_CCL5	FCER1G	17401	0.036252601	409	2.3504396
CD8_CCL5	KLRC1	17401	0.33155181	2981	17.131199
CD8_CCL5	TYROBP	17401	0.27741277	2217	12.740647
CD8_CCL5	CD3E	17401	2.4310535	16648	95.672662
CD8_CCL5	CD4	17401	0.024739057	319	1.833228
CD8_CCL5	TNFRSF4	17401	0.049208958	615	3.5342796
CD8_CCL5	CD8A	17401	1.9560938	13542	77.823114
CD8_CCL5	CD8B	17401	1.247393	10875	62.496408
CD8_CCL5	FOXP3	17401	0.015312328	176	1.0114361
CD8_CCL5	IKZF2	17401	0.21562636	2514	14.447446
CD8_CCL5	CCR7	17401	0.085178017	962	5.5284179
CD8_CCL5	SELL	17401	0.12751612	1541	8.8558129
CD8_CCL5	TCF7	17401	0.15307707	1799	10.338486
CD8_CCL5	IL7R	17401	0.6908253	5248	30.159186
CD8_CCL5	PDCD1	17401	0.4278531	4495	25.831849
CD8_CCL5	HAVCR2	17401	0.33088395	3707	21.303373
CD8_CCL5	ENTPD1	17401	0.30183033	3139	18.039193
CD8_CCL5	TNFRSF9	17401	0.27809635	3036	17.447273
CD8_CCL5	CXCL13	17401	0.43111843	3073	17.659905
CD8_CCL5	CST7	17401	2.2600023	15514	89.155796
CD8_CCL5	GZMH	17401	1.8101292	13345	76.690995
CD8_CCL5	GZMK	17401	1.1546073	8481	48.738578
CD8_CCL5	GZMM	17401	0.92107284	9545	54.853169
CD8_CCL5	IFNG	17401	0.49544192	4648	26.711109
CD8_CCL5	PRF1	17401	1.5919601	12849	73.840584
CD8_CCL5	KLRG1	17401	0.2225199	2506	14.401471
CD8_CCL5	NKG7	17401	3.0311329	16574	95.2474
CD8_CCL5	GZMA	17401	2.5419745	15417	88.598356
CD8_CCL5	CD101	17401	0.16489632	2068	11.884374
CD8_CCL5	CXCR6	17401	0.76349564	7147	41.072352
CD8_CCL5	CD69	17401	1.4570136	11769	67.634044
CD8_CCL5	CX3CR1	17401	0.0058258908	79	0.4539969
CD8_CCL5	ITGAE	17401	0.87259004	8528	49.008678
CD8_CCL5	MT-ATP6	17401	2.2590292	15579	89.529337
CD8_CCL5	MT-ND3	17401	1.6629901	13718	78.83455
CD8_CCL5	ANXA1	17401	1.5196831	11999	68.955807
CD8_CCL5	CCL5	17401	3.9990435	17298	99.40808
CD8_CCL5	KLRB1	17401	0.31208602	2663	15.303718
CD8_CCL5	MKI67	17401	0.075074603	969	5.5686455
CD8_CCL5	RPL30	17401	3.6682128	17338	99.637952
CD8_CD74	NCAM1	4820	0.029420774	105	2.1784232
CD8_CD74	FCER1G	4820	0.30766684	771	15.995851
CD8_CD74	KLRC1	4820	0.16182809	411	8.526971
CD8_CD74	TYROBP	4820	0.48827598	1148	23.817427
CD8_CD74	CD3E	4820	1.6142096	3321	68.900415
CD8_CD74	CD4	4820	0.21043036	695	14.419087
CD8_CD74	TNFRSF4	4820	0.57353324	1238	25.684647
CD8_CD74	CD8A	4820	0.8271518	1711	35.497925
CD8_CD74	CD8B	4820	0.43888294	1106	22.946058
CD8_CD74	FOXP3	4820	0.29841121	722	14.979253
CD8_CD74	IKZF2	4820	0.17873572	526	10.912863
CD8_CD74	CCR7	4820	0.41322781	997	20.684647
CD8_CD74	SELL	4820	0.35039394	957	19.854772
CD8_CD74	TCF7	4820	0.17618708	514	10.6639
CD8_CD74	IL7R	4820	0.89378006	1874	38.879668
CD8_CD74	PDCD1	4820	0.30849001	898	18.630705
CD8_CD74	HAVCR2	4820	0.21170818	613	12.717842
CD8_CD74	ENTPD1	4820	0.38123248	1033	21.431535
CD8_CD74	TNFRSF9	4820	0.32511701	886	18.381743
CD8_CD74	CXCL13	4820	0.61731788	1101	22.842324
CD8_CD74	CST7	4820	1.236512	2615	54.253112
CD8_CD74	GZMH	4820	0.60559121	1363	28.278008
CD8_CD74	GZMK	4820	0.55780086	1124	23.319502
CD8_CD74	GZMM	4820	0.43757405	1275	26.452282
CD8_CD74	IFNG	4820	0.30608771	708	14.688797
CD8_CD74	PRF1	4820	0.6688484	1564	32.448133
CD8_CD74	KLRG1	4820	0.087965306	274	5.6846473
CD8_CD74	NKG7	4820	1.4150111	2545	52.80083
CD8_CD74	GZMA	4820	1.2521895	2385	49.481328
CD8_CD74	CD101	4820	0.06022231	207	4.2946058
CD8_CD74	CXCR6	4820	0.58135324	1422	29.502075
CD8_CD74	CD69	4820	1.233811	2582	53.568465
CD8_CD74	CX3CR1	4820	0.007588111	31	0.64315353
CD8_CD74	ITGAE	4820	0.49567674	1365	28.319502
CD8_CD74	MT-ATP6	4820	2.2918067	3876	80.414938
CD8_CD74	MT-ND3	4820	1.7411894	3341	69.315353
CD8_CD74	ANXA1	4820	1.1467236	2440	50.622407
CD8_CD74	CCL5	4820	2.0983165	3149	65.33195
CD8_CD74	KLRB1	4820	0.33260883	835	17.323651
CD8_CD74	MKI67	4820	0.27851363	703	14.585062
CD8_CD74	RPL30	4820	3.2726657	4600	95.435685
CD8_CX3CR1	NCAM1	5319	0.086391719	345	6.4861816
CD8_CX3CR1	FCER1G	5319	0.080613177	269	5.0573416
CD8_CX3CR1	KLRC1	5319	0.097914542	309	5.8093627
CD8_CX3CR1	TYROBP	5319	0.54419781	1363	25.625118
CD8_CX3CR1	CD3E	5319	2.0954693	4817	90.562136
CD8_CX3CR1	CD4	5319	0.11579377	436	8.1970295
CD8_CX3CR1	TNFRSF4	5319	0.14359592	482	9.0618537
CD8_CX3CR1	CD8A	5319	1.4371367	3189	59.954879
CD8_CX3CR1	CD8B	5319	0.77149054	2154	40.496334
CD8_CX3CR1	FOXP3	5319	0.022595842	76	1.42884
CD8_CX3CR1	IKZF2	5319	0.11076569	404	7.5954127
CD8_CX3CR1	CCR7	5319	0.089635664	293	5.5085542
CD8_CX3CR1	SELL	5319	0.19459268	684	12.85956
CD8_CX3CR1	TCF7	5319	0.18992082	718	13.498778
CD8_CX3CR1	IL7R	5319	0.9788168	2228	41.887573
CD8_CX3CR1	PDCD1	5319	0.13934718	505	9.4942658
CD8_CX3CR1	HAVCR2	5319	0.12392674	468	8.7986464
CD8_CX3CR1	ENTPD1	5319	0.025335039	102	1.9176537
CD8_CX3CR1	TNFRSF9	5319	0.086922409	321	6.034969
CD8_CX3CR1	CXCL13	5319	0.026392463	73	1.3724384
CD8_CX3CR1	CST7	5319	2.681976	5160	97.010716
CD8_CX3CR1	GZMH	5319	2.3160091	4883	91.80297
CD8_CX3CR1	GZMK	5319	0.38387751	990	18.612521
CD8_CX3CR1	GZMM	5319	1.2407739	3648	68.58432
CD8_CX3CR1	IFNG	5319	0.64068438	1681	31.603685
CD8_CX3CR1	PRF1	5319	1.9721017	4499	84.583568
CD8_CX3CR1	KLRG1	5319	0.64712916	2155	40.515134
CD8_CX3CR1	NKG7	5319	3.7955787	5304	99.717992
CD8_CX3CR1	GZMA	5319	1.8381265	4411	82.929122
CD8_CX3CR1	CD101	5319	0.037273286	152	2.85768
CD8_CX3CR1	CXCR6	5319	0.076659897	270	5.0761421
CD8_CX3CR1	CD69	5319	1.7581431	4019	75.559316
CD8_CX3CR1	CX3CR1	5319	0.3498934	1224	23.011844
CD8_CX3CR1	ITGAE	5319	0.19036559	734	13.799586
CD8_CX3CR1	MT-ATP6	5319	2.3867516	4927	92.630194
CD8_CX3CR1	MT-ND3	5319	1.7208287	4290	80.654258
CD8_CX3CR1	ANXA1	5319	1.6824144	4151	78.040985
CD8_CX3CR1	CCL5	5319	3.5062463	5302	99.680391
CD8_CX3CR1	KLRB1	5319	0.58122606	1547	29.084414
CD8_CX3CR1	MKI67	5319	0.0097157035	42	0.78962211
CD8_CX3CR1	RPL30	5319	3.8592362	5314	99.905997
CD8_CXCL13	NCAM1	32900	0.023473333	531	1.6139818
CD8_CXCL13	FCER1G	32900	0.022365375	519	1.5775076
CD8_CXCL13	KLRC1	32900	0.55836002	9781	29.729483
CD8_CXCL13	TYROBP	32900	0.035252532	782	2.3768997
CD8_CXCL13	CD3E	32900	2.466389	31955	97.12766
CD8_CXCL13	CD4	32900	0.029505959	746	2.2674772
CD8_CXCL13	TNFRSF4	32900	0.10484058	2370	7.2036474
CD8_CXCL13	CD8A	32900	2.3201606	30050	91.337386
CD8_CXCL13	CD8B	32900	1.3199511	23303	70.829787
CD8_CXCL13	FOXP3	32900	0.12812931	2167	6.5866261
CD8_CXCL13	IKZF2	32900	0.20880828	4714	14.328267
CD8_CXCL13	CCR7	32900	0.056943093	1259	3.8267477
CD8_CXCL13	SELL	32900	0.084152159	2110	6.4133739
CD8_CXCL13	TCF7	32900	0.029486208	749	2.2765957
CD8_CXCL13	IL7R	32900	0.30384793	5035	15.303951
CD8_CXCL13	PDCD1	32900	0.86853997	16783	51.012158
CD8_CXCL13	HAVCR2	32900	0.8033147	16158	49.112462
CD8_CXCL13	ENTPD1	32900	1.1138612	20135	61.200608
CD8_CXCL13	TNFRSF9	32900	0.95785523	16912	51.404255
CD8_CXCL13	CXCL13	32900	1.8547451	22915	69.650456
CD8_CXCL13	CST7	32900	1.8983522	27897	84.793313
CD8_CXCL13	GZMH	32900	1.2565225	20064	60.984802
CD8_CXCL13	GZMK	32900	0.20357239	3206	9.7446809
CD8_CXCL13	GZMM	32900	0.79285164	16681	50.702128
CD8_CXCL13	IFNG	32900	0.61540087	10772	32.741641
CD8_CXCL13	PRF1	32900	1.7824236	26205	79.650456
CD8_CXCL13	KLRG1	32900	0.03703894	935	2.8419453
CD8_CXCL13	NKG7	32900	2.82768	31017	94.276596
CD8_CXCL13	GZMA	32900	2.5725252	29521	89.729483
CD8_CXCL13	CD101	32900	0.26000519	6094	18.522796
CD8_CXCL13	CXCR6	32900	1.5520153	24339	73.978723
CD8_CXCL13	CD69	32900	1.445355	22133	67.273556
CD8_CXCL13	CX3CR1	32900	0.00045412205	13	0.039513678
CD8_CXCL13	ITGAE	32900	1.4125239	24488	74.431611
CD8_CXCL13	MT-ATP6	32900	2.2354925	29576	89.896657
CD8_CXCL13	MT-ND3	32900	1.7480097	26751	81.31003
CD8_CXCL13	ANXA1	32900	1.0447947	16581	50.398176
CD8_CXCL13	CCL5	32900	3.6606581	32222	97.93921
CD8_CXCL13	KLRB1	32900	0.61570649	10538	32.030395
CD8_CXCL13	MKI67	32900	0.073259166	1769	5.3768997
CD8_CXCL13	RPL30	32900	3.375584	32730	99.483283
CD8_FOS	NCAM1	20473	0.0081101189	103	0.50310165
CD8_FOS	FCER1G	20473	0.015858919	194	0.94758951
CD8_FOS	KLRC1	20473	0.089224849	970	4.7379475
CD8_FOS	TYROBP	20473	0.056775679	611	2.9844185
CD8_FOS	CD3E	20473	1.866446	16836	82.235139
CD8_FOS	CD4	20473	0.087308757	1141	5.573194
CD8_FOS	TNFRSF4	20473	0.09427435	1082	5.2850095
CD8_FOS	CD8A	20473	1.1710442	10541	51.487325
CD8_FOS	CD8B	20473	0.64038758	6946	33.927612
CD8_FOS	FOXP3	20473	0.021830588	254	1.2406584
CD8_FOS	IKZF2	20473	0.094546598	1152	5.6269233
CD8_FOS	CCR7	20473	0.50214668	4986	24.354027
CD8_FOS	SELL	20473	0.19127429	2294	11.205002
CD8_FOS	TCF7	20473	0.38981912	4825	23.567626
CD8_FOS	IL7R	20473	1.4706318	11428	55.81986
CD8_FOS	PDCD1	20473	0.27789664	3286	16.050408
CD8_FOS	HAVCR2	20473	0.03694216	431	2.1052117
CD8_FOS	ENTPD1	20473	0.037944212	447	2.1833635
CD8_FOS	TNFRSF9	20473	0.15058535	1804	8.8116055
CD8_FOS	CXCL13	20473	0.09820891	796	3.8880477
CD8_FOS	CST7	20473	1.7424801	14491	70.781029
CD8_FOS	GZMH	20473	0.55143327	5611	27.406829
CD8_FOS	GZMK	20473	1.5976555	12322	60.186587
CD8_FOS	GZMM	20473	0.79300716	9074	44.32179
CD8_FOS	IFNG	20473	0.77369399	6554	32.012895
CD8_FOS	PRF1	20473	0.4222274	4815	23.518781
CD8_FOS	KLRG1	20473	0.31787602	3851	18.81014
CD8_FOS	NKG7	20473	1.7849394	13875	67.772188
CD8_FOS	GZMA	20473	1.1869435	11379	55.580521
CD8_FOS	CD101	20473	0.039747355	522	2.5496996
CD8_FOS	CXCR6	20473	0.20584721	2397	11.708103
CD8_FOS	CD69	20473	2.4905988	17214	84.081473
CD8_FOS	CX3CR1	20473	0.0062957701	83	0.40541201
CD8_FOS	ITGAE	20473	0.29881727	3649	17.823475
CD8_FOS	MT-ATP6	20473	2.4375448	18348	89.620476
CD8_FOS	MT-ND3	20473	1.8864583	16231	79.280027
CD8_FOS	ANXA1	20473	1.728502	12997	63.483613
CD8_FOS	CCL5	20473	2.8257612	17407	85.024178
CD8_FOS	KLRB1	20473	0.28153128	2827	13.808431
CD8_FOS	MKI67	20473	0.017120484	210	1.0257412
CD8_FOS	RPL30	20473	3.6588249	19949	97.440531
CD8_GZMK	NCAM1	24466	0.0021442645	32	0.13079375
CD8_GZMK	FCER1G	24466	0.014012918	224	0.91555628
CD8_GZMK	KLRC1	24466	0.042572752	560	2.2888907
CD8_GZMK	TYROBP	24466	0.031181156	453	1.8515491
CD8_GZMK	CD3E	24466	2.3194743	23039	94.167416
CD8_GZMK	CD4	24466	0.055357017	887	3.6254394
CD8_GZMK	TNFRSF4	24466	0.025853196	394	1.6103981
CD8_GZMK	CD8A	24466	2.0025804	19045	77.842721
CD8_GZMK	CD8B	24466	1.1666366	14148	57.827189
CD8_GZMK	FOXP3	24466	0.0085970299	144	0.5885719
CD8_GZMK	IKZF2	24466	0.078086263	1182	4.8311943
CD8_GZMK	CCR7	24466	0.48006599	6183	25.271806
CD8_GZMK	SELL	24466	0.19583934	2920	11.93493
CD8_GZMK	TCF7	24466	0.34008118	5208	21.286684
CD8_GZMK	IL7R	24466	0.78650748	8299	33.920543
CD8_GZMK	PDCD1	24466	0.43530029	6154	25.153274
CD8_GZMK	HAVCR2	24466	0.073438897	1084	4.4306384
CD8_GZMK	ENTPD1	24466	0.041221285	606	2.4769067
CD8_GZMK	TNFRSF9	24466	0.23677346	3498	14.297392
CD8_GZMK	CXCL13	24466	0.1051226	1092	4.4633369
CD8_GZMK	CST7	24466	2.7564335	23466	95.912695
CD8_GZMK	GZMH	24466	1.3155055	14215	58.101038
CD8_GZMK	GZMK	24466	2.6172165	22363	91.404398
CD8_GZMK	GZMM	24466	1.2166685	15786	64.522194
CD8_GZMK	IFNG	24466	0.47015791	5607	22.917518
CD8_GZMK	PRF1	24466	0.88450501	11450	46.79964
CD8_GZMK	KLRG1	24466	0.40886064	6084	24.867163
CD8_GZMK	NKG7	24466	2.8247558	22879	93.513447
CD8_GZMK	GZMA	24466	2.1080345	21034	85.97237
CD8_GZMK	CD101	24466	0.066790965	1084	4.4306384
CD8_GZMK	CXCR6	24466	0.43313791	5818	23.77994
CD8_GZMK	CD69	24466	1.51712	16475	67.338347
CD8_GZMK	CX3CR1	24466	0.0098050747	168	0.68666721
CD8_GZMK	ITGAE	24466	0.40840111	5993	24.495218
CD8_GZMK	MT-ATP6	24466	2.1730595	21417	87.537808
CD8_GZMK	MT-ND3	24466	1.6695638	18791	76.804545
CD8_GZMK	ANXA1	24466	1.5938752	16151	66.01406
CD8_GZMK	CCL5	24466	3.5329587	24089	98.459086
CD8_GZMK	KLRB1	24466	0.10705376	1316	5.3788932
CD8_GZMK	MKI67	24466	0.04117162	647	2.6444862
CD8_GZMK	RPL30	24466	3.8558538	24405	99.750674
CD8_IFIT1	NCAM1	5853	0.013548179	62	1.0592858
CD8_IFIT1	FCER1G	5853	0.01971582	78	1.3326499
CD8_IFIT1	KLRC1	5853	0.12259458	404	6.9024432
CD8_IFIT1	TYROBP	5853	0.063228716	196	3.3487101
CD8_IFIT1	CD3E	5853	2.2107141	5403	92.311635
CD8_IFIT1	CD4	5853	0.18085746	758	12.950624
CD8_IFIT1	TNFRSF4	5853	0.40924616	1109	18.947548
CD8_IFIT1	CD8A	5853	1.38628	3206	54.775329
CD8_IFIT1	CD8B	5853	0.80424655	2439	41.670938
CD8_IFIT1	FOXP3	5853	0.30631459	842	14.385785
CD8_IFIT1	IKZF2	5853	0.18673866	721	12.318469
CD8_IFIT1	CCR7	5853	0.56086516	1579	26.977618
CD8_IFIT1	SELL	5853	0.50332219	1674	28.600718
CD8_IFIT1	TCF7	5853	0.246791	956	16.333504
CD8_IFIT1	IL7R	5853	1.0517527	2641	45.12216
CD8_IFIT1	PDCD1	5853	0.40897812	1488	25.42286
CD8_IFIT1	HAVCR2	5853	0.19006239	711	12.147617
CD8_IFIT1	ENTPD1	5853	0.22257018	807	13.787801
CD8_IFIT1	TNFRSF9	5853	0.25805008	929	15.872202
CD8_IFIT1	CXCL13	5853	0.38720937	794	13.565693
CD8_IFIT1	CST7	5853	1.7595653	4394	75.072612
CD8_IFIT1	GZMH	5853	0.99339509	2595	44.336238
CD8_IFIT1	GZMK	5853	1.176199	2676	45.720144
CD8_IFIT1	GZMM	5853	0.73620999	2650	45.275927
CD8_IFIT1	IFNG	5853	0.47111033	1297	22.159576
CD8_IFIT1	PRF1	5853	1.0320414	2915	49.80352
CD8_IFIT1	KLRG1	5853	0.1662647	647	11.05416
CD8_IFIT1	NKG7	5853	1.896762	3823	65.316931
CD8_IFIT1	GZMA	5853	1.6686644	3771	64.428498
CD8_IFIT1	CD101	5853	0.095919475	402	6.8682727
CD8_IFIT1	CXCR6	5853	0.60997102	1929	32.957458
CD8_IFIT1	CD69	5853	1.7496192	4178	71.382197
CD8_IFIT1	CX3CR1	5853	0.0099666692	45	0.76883649
CD8_IFIT1	ITGAE	5853	0.53425729	1899	32.4449
CD8_IFIT1	MT-ATP6	5853	1.922625	4930	84.230309
CD8_IFIT1	MT-ND3	5853	1.539949	4422	75.550999
CD8_IFIT1	ANXA1	5853	1.4721347	3529	60.293866
CD8_IFIT1	CCL5	5853	2.5960267	4301	73.483684
CD8_IFIT1	KLRB1	5853	0.29953553	936	15.991799
CD8_IFIT1	MKI67	5853	0.030158811	125	2.1356569
CD8_IFIT1	RPL30	5853	3.5938289	5793	98.974885
CD8_KLRB1	NCAM1	5067	0.072849814	284	5.6048944
CD8_KLRB1	FCER1G	5067	0.014013864	57	1.124926
CD8_KLRB1	KLRC1	5067	0.17123813	541	10.676929
CD8_KLRB1	TYROBP	5067	0.273511	736	14.52536
CD8_KLRB1	CD3E	5067	2.1943357	4786	94.454312
CD8_KLRB1	CD4	5067	0.055987552	223	4.4010262
CD8_KLRB1	TNFRSF4	5067	0.21574073	752	14.841129
CD8_KLRB1	CD8A	5067	1.7767796	3886	76.692323
CD8_KLRB1	CD8B	5067	0.29782018	1041	20.544701
CD8_KLRB1	FOXP3	5067	0.036952399	142	2.8024472
CD8_KLRB1	IKZF2	5067	0.39954793	1489	29.386225
CD8_KLRB1	CCR7	5067	0.34978519	982	19.380304
CD8_KLRB1	SELL	5067	0.055615072	235	4.6378528
CD8_KLRB1	TCF7	5067	0.25807178	945	18.650089
CD8_KLRB1	IL7R	5067	1.9020347	3716	73.33728
CD8_KLRB1	PDCD1	5067	0.46750624	1598	31.537399
CD8_KLRB1	HAVCR2	5067	0.27645799	993	19.597395
CD8_KLRB1	ENTPD1	5067	0.38990104	1187	23.42609
CD8_KLRB1	TNFRSF9	5067	0.50339339	1520	29.998026
CD8_KLRB1	CXCL13	5067	0.12661669	264	5.2101835
CD8_KLRB1	CST7	5067	1.7462017	4049	79.909216
CD8_KLRB1	GZMH	5067	0.22974825	733	14.466154
CD8_KLRB1	GZMK	5067	0.59585944	1641	32.386027
CD8_KLRB1	GZMM	5067	0.713518	2501	49.358595
CD8_KLRB1	IFNG	5067	0.23065342	639	12.611012
CD8_KLRB1	PRF1	5067	1.1383799	2930	57.825143
CD8_KLRB1	KLRG1	5067	0.56430786	1909	37.675153
CD8_KLRB1	NKG7	5067	2.1128691	4281	84.487863
CD8_KLRB1	GZMA	5067	1.7950047	3941	77.777778
CD8_KLRB1	CD101	5067	0.063029241	258	5.0917703
CD8_KLRB1	CXCR6	5067	1.173948	3052	60.232879
CD8_KLRB1	CD69	5067	2.075927	4195	82.790606
CD8_KLRB1	CX3CR1	5067	0.00077292687	4	0.078942175
CD8_KLRB1	ITGAE	5067	0.56284904	1865	36.806789
CD8_KLRB1	MT-ATP6	5067	2.5035682	4791	94.55299
CD8_KLRB1	MT-ND3	5067	1.9442661	4436	87.546872
CD8_KLRB1	ANXA1	5067	1.363705	3348	66.0746
CD8_KLRB1	CCL5	5067	2.6060127	4551	89.816459
CD8_KLRB1	KLRB1	5067	2.5137236	4721	93.171502
CD8_KLRB1	MKI67	5067	0.011679286	50	0.98677719
CD8_KLRB1	RPL30	5067	3.6332985	5037	99.407934
CD8_TYMS	NCAM1	8936	0.044622188	395	4.4203223
CD8_TYMS	FCER1G	8936	0.08175998	502	5.6177261
CD8_TYMS	KLRC1	8936	0.41909206	2311	25.861683
CD8_TYMS	TYROBP	8936	0.11555814	651	7.2851388
CD8_TYMS	CD3E	8936	2.178864	8627	96.542077
CD8_TYMS	CD4	8936	0.25304863	2112	23.634736
CD8_TYMS	TNFRSF4	8936	0.59657233	2862	32.027753
CD8_TYMS	CD8A	8936	1.4697123	5564	62.264996
CD8_TYMS	CD8B	8936	0.92431861	4814	53.871979
CD8_TYMS	FOXP3	8936	0.34205566	1695	18.968218
CD8_TYMS	IKZF2	8936	0.28797947	2236	25.022381
CD8_TYMS	CCR7	8936	0.22734104	1526	17.076992
CD8_TYMS	SELL	8936	0.38527223	2844	31.826321
CD8_TYMS	TCF7	8936	0.078177834	661	7.3970457
CD8_TYMS	IL7R	8936	0.48767308	2772	31.020591
CD8_TYMS	PDCD1	8936	0.67793699	4581	51.264548
CD8_TYMS	HAVCR2	8936	0.59614102	4288	47.985676
CD8_TYMS	ENTPD1	8936	0.97566537	5667	63.417637
CD8_TYMS	TNFRSF9	8936	0.77193401	4653	52.070278
CD8_TYMS	CXCL13	8936	1.4183982	4700	52.59624
CD8_TYMS	CST7	8936	1.3729209	6918	77.417189
CD8_TYMS	GZMH	8936	0.98779376	4675	52.316473
CD8_TYMS	GZMK	8936	0.31146078	1494	16.71889
CD8_TYMS	GZMM	8936	0.61488409	4661	52.159803
CD8_TYMS	IFNG	8936	0.57429275	3103	34.724709
CD8_TYMS	PRF1	8936	1.2675888	6129	68.587735
CD8_TYMS	KLRG1	8936	0.060421853	631	7.061325
CD8_TYMS	NKG7	8936	2.1540549	6742	75.447628
CD8_TYMS	GZMA	8936	2.2584333	6724	75.246195
CD8_TYMS	CD101	8936	0.17928308	1598	17.882722
CD8_TYMS	CXCR6	8936	1.04581	5701	63.79812
CD8_TYMS	CD69	8936	1.1417402	5870	65.689346
CD8_TYMS	CX3CR1	8936	0.0071333099	91	1.0183527
CD8_TYMS	ITGAE	8936	1.1639647	6776	75.828111
CD8_TYMS	MT-ATP6	8936	2.2036513	8444	94.494181
CD8_TYMS	MT-ND3	8936	1.5635349	7714	86.324978
CD8_TYMS	ANXA1	8936	0.80631637	4299	48.108774
CD8_TYMS	CCL5	8936	2.538127	6802	76.119069
CD8_TYMS	KLRB1	8936	0.44120813	2721	30.449866
CD8_TYMS	MKI67	8936	0.60583746	4290	48.008057
CD8_TYMS	RPL30	8936	3.0845775	8880	99.373321
NK	NCAM1	12992	0.43902637	4078	31.388547
NK	FCER1G	12992	1.7378397	10671	82.13516
NK	KLRC1	12992	1.3856299	8644	66.533251
NK	TYROBP	12992	2.2023118	11976	92.179803
NK	CD3E	12992	1.2217055	7981	61.430111
NK	CD4	12992	0.015275241	194	1.4932266
NK	TNFRSF4	12992	0.31021761	2707	20.835899
NK	CD8A	12992	0.14593887	1152	8.8669951
NK	CD8B	12992	0.0396326	386	2.9710591
NK	FOXP3	12992	0.020363726	178	1.3700739
NK	IKZF2	12992	0.28854113	2897	22.298337
NK	CCR7	12992	0.22497203	1724	13.269704
NK	SELL	12992	0.34019159	2545	19.588978
NK	TCF7	12992	0.55798343	4568	35.160099
NK	IL7R	12992	0.7378729	4165	32.05819
NK	PDCD1	12992	0.043963213	475	3.6560961
NK	HAVCR2	12992	0.51822535	4663	35.891318
NK	ENTPD1	12992	0.63902351	4955	38.138855
NK	TNFRSF9	12992	0.24937093	2126	16.363916
NK	CXCL13	12992	0.048477373	307	2.3629926
NK	CST7	12992	1.761207	10316	79.402709
NK	GZMH	12992	0.39489113	3016	23.214286
NK	GZMK	12992	0.9358698	5541	42.649323
NK	GZMM	12992	0.50534414	4268	32.850985
NK	IFNG	12992	0.3246774	2387	18.372845
NK	PRF1	12992	1.6683337	9565	73.622229
NK	KLRG1	12992	0.064044652	644	4.9568966
NK	NKG7	12992	2.6595019	11149	85.814347
NK	GZMA	12992	2.0862847	8815	67.849446
NK	CD101	12992	0.052566038	586	4.510468
NK	CXCR6	12992	0.3680334	2952	22.721675
NK	CD69	12992	1.6391571	9413	72.452278
NK	CX3CR1	12992	0.0033188346	36	0.2770936
NK	ITGAE	12992	0.88907392	6782	52.201355
NK	MT-ATP6	12992	2.2421623	11709	90.124692
NK	MT-ND3	12992	1.8169156	10900	83.897783
NK	ANXA1	12992	0.97235408	6700	51.570197
NK	CCL5	12992	2.8932002	10593	81.534791
NK	KLRB1	12992	1.4317332	9092	69.981527
NK	MKI67	12992	0.040925669	433	3.3328202
NK	RPL30	12992	3.559891	12891	99.222599
NK_CX3CR1	NCAM1	5385	0.28536601	957	17.771588
NK_CX3CR1	FCER1G	5385	0.80164878	2068	38.402971
NK_CX3CR1	KLRC1	5385	0.36700676	993	18.440111
NK_CX3CR1	TYROBP	5385	2.1552555	4621	85.812442
NK_CX3CR1	CD3E	5385	0.92932816	2240	41.597029
NK_CX3CR1	CD4	5385	0.0050230613	15	0.27855153
NK_CX3CR1	TNFRSF4	5385	0.16445842	521	9.6750232
NK_CX3CR1	CD8A	5385	0.46156908	1251	23.231198
NK_CX3CR1	CD8B	5385	0.062313608	191	3.5468895
NK_CX3CR1	FOXP3	5385	0.0033255338	12	0.22284123
NK_CX3CR1	IKZF2	5385	0.10939558	365	6.7780873
NK_CX3CR1	CCR7	5385	0.027144511	89	1.6527391
NK_CX3CR1	SELL	5385	0.20403614	637	11.829155
NK_CX3CR1	TCF7	5385	0.085131833	291	5.4038997
NK_CX3CR1	IL7R	5385	0.096186529	249	4.6239554
NK_CX3CR1	PDCD1	5385	0.010606763	35	0.64995357
NK_CX3CR1	HAVCR2	5385	0.49518913	1560	28.969359
NK_CX3CR1	ENTPD1	5385	0.023819236	76	1.4113278
NK_CX3CR1	TNFRSF9	5385	0.12490517	383	7.1123491
NK_CX3CR1	CXCL13	5385	0.0038807024	14	0.25998143
NK_CX3CR1	CST7	5385	3.0918574	5246	97.418756
NK_CX3CR1	GZMH	5385	2.0742387	4470	83.008357
NK_CX3CR1	GZMK	5385	0.11968898	334	6.2024141
NK_CX3CR1	GZMM	5385	1.1352042	3195	59.331476
NK_CX3CR1	IFNG	5385	0.63997887	1535	28.505107
NK_CX3CR1	PRF1	5385	2.6673466	4961	92.126277
NK_CX3CR1	KLRG1	5385	0.25362407	828	15.376045
NK_CX3CR1	NKG7	5385	4.0230204	5360	99.535747
NK_CX3CR1	GZMA	5385	2.1052366	4460	82.822656
NK_CX3CR1	CD101	5385	0.0071724779	26	0.48282266
NK_CX3CR1	CXCR6	5385	0.012582234	43	0.79851439
NK_CX3CR1	CD69	5385	1.8510371	3912	72.64624
NK_CX3CR1	CX3CR1	5385	0.43468854	1348	25.032498
NK_CX3CR1	ITGAE	5385	0.21428729	743	13.797586
NK_CX3CR1	MT-ATP6	5385	2.2092528	4697	87.22377
NK_CX3CR1	MT-ND3	5385	1.5044999	3815	70.84494
NK_CX3CR1	ANXA1	5385	1.2003912	3134	58.1987
NK_CX3CR1	CCL5	5385	3.5291621	5145	95.543175
NK_CX3CR1	KLRB1	5385	1.0987905	2741	50.90065
NK_CX3CR1	MKI67	5385	0.011417121	44	0.81708449
NK_CX3CR1	RPL30	5385	3.4766994	5275	97.957289
T_IL7R	NCAM1	27242	0.00034598932	8	0.029366419
T_IL7R	FCER1G	27242	0.015492285	305	1.1195947
T_IL7R	KLRC1	27242	0.0039516211	71	0.26062697
T_IL7R	TYROBP	27242	0.020449839	391	1.4352838
T_IL7R	CD3E	27242	2.0279247	25090	92.100433
T_IL7R	CD4	27242	0.34831993	6739	24.737538
T_IL7R	TNFRSF4	27242	0.55214859	8561	31.42574
T_IL7R	CD8A	27242	0.14591171	1992	7.3122385
T_IL7R	CD8B	27242	0.10802227	1641	6.0237868
T_IL7R	FOXP3	27242	0.075755185	1257	4.6141987
T_IL7R	IKZF2	27242	0.055289689	989	3.6304236
T_IL7R	CCR7	27242	1.7180813	19737	72.450628
T_IL7R	SELL	27242	0.98234275	14252	52.316276
T_IL7R	TCF7	27242	0.90858729	15026	55.157477
T_IL7R	IL7R	27242	2.4823257	24717	90.731224
T_IL7R	PDCD1	27242	0.17221365	3036	11.144556
T_IL7R	HAVCR2	27242	0.013562651	272	0.99845826
T_IL7R	ENTPD1	27242	0.023360072	436	1.6004699
T_IL7R	TNFRSF9	27242	0.038550791	689	2.5291829
T_IL7R	CXCL13	27242	0.029997365	373	1.3692093
T_IL7R	CST7	27242	0.42865221	6966	25.57081
T_IL7R	GZMH	27242	0.011009607	188	0.69011086
T_IL7R	GZMK	27242	0.21244277	2710	9.9478746
T_IL7R	GZMM	27242	0.43944402	8307	30.493356
T_IL7R	IFNG	27242	0.036124293	562	2.062991
T_IL7R	PRF1	27242	0.072555191	1383	5.0767198
T_IL7R	KLRG1	27242	0.079341487	1614	5.9246751
T_IL7R	NKG7	27242	0.083040263	1442	5.2932971
T_IL7R	GZMA	27242	0.14101845	2243	8.2336099
T_IL7R	CD101	27242	0.015981418	322	1.1819984
T_IL7R	CXCR6	27242	0.066967011	1135	4.1663608
T_IL7R	CD69	27242	1.6908759	19522	71.661405
T_IL7R	CX3CR1	27242	0.00072920096	14	0.051391234
T_IL7R	ITGAE	27242	0.12020931	2392	8.7805594
T_IL7R	MT-ATP6	27242	2.1169395	24059	88.315836
T_IL7R	MT-ND3	27242	1.7154897	22009	80.790691
T_IL7R	ANXA1	27242	1.8006753	18656	68.48249
T_IL7R	CCL5	27242	0.40554643	4877	17.902503
T_IL7R	KLRB1	27242	0.56970677	8122	29.814257
T_IL7R	MKI67	27242	0.0053635791	106	0.38910506
T_IL7R	RPL30	27242	4.2616524	27233	99.966963
T_MKI67	NCAM1	11065	0.051717134	619	5.594216
T_MKI67	FCER1G	11065	0.14193828	977	8.829643
T_MKI67	KLRC1	11065	0.38274915	2526	22.828739
T_MKI67	TYROBP	11065	0.19647457	1274	11.513782
T_MKI67	CD3E	11065	1.9522071	9835	88.883868
T_MKI67	CD4	11065	0.25272754	2957	26.723904
T_MKI67	TNFRSF4	11065	0.59202616	3819	34.514234
T_MKI67	CD8A	11065	1.1022313	5398	48.784455
T_MKI67	CD8B	11065	0.62307493	4485	40.533213
T_MKI67	FOXP3	11065	0.32997589	2177	19.67465
T_MKI67	IKZF2	11065	0.29375382	2932	26.497967
T_MKI67	CCR7	11065	0.27072307	2367	21.391776
T_MKI67	SELL	11065	0.47058651	4083	36.900136
T_MKI67	TCF7	11065	0.10418809	1094	9.8870312
T_MKI67	IL7R	11065	0.45089275	3394	30.673294
T_MKI67	PDCD1	11065	0.55127213	5036	45.512878
T_MKI67	HAVCR2	11065	0.46029141	4607	41.635789
T_MKI67	ENTPD1	11065	0.83335751	6386	57.713511
T_MKI67	TNFRSF9	11065	0.57515121	4845	43.786715
T_MKI67	CXCL13	11065	1.1119657	4742	42.855852
T_MKI67	CST7	11065	1.0289619	7366	66.570267
T_MKI67	GZMH	11065	0.66689296	4472	40.415725
T_MKI67	GZMK	11065	0.33319085	2077	18.770899
T_MKI67	GZMM	11065	0.31817611	3873	35.002259
T_MKI67	IFNG	11065	0.54179702	3593	32.471758
T_MKI67	PRF1	11065	0.96219538	6528	58.996837
T_MKI67	KLRG1	11065	0.064303377	934	8.4410303
T_MKI67	NKG7	11065	1.697633	7345	66.380479
T_MKI67	GZMA	11065	1.8249263	7414	67.004067
T_MKI67	CD101	11065	0.12427075	1643	14.848622
T_MKI67	CXCR6	11065	0.65698383	5283	47.745142
T_MKI67	CD69	11065	1.2119628	7621	68.874831
T_MKI67	CX3CR1	11065	0.0089692838	135	1.2200633
T_MKI67	ITGAE	11065	0.94374577	7840	70.854044
T_MKI67	MT-ATP6	11065	2.2342931	10266	92.779033
T_MKI67	MT-ND3	11065	1.5601236	9408	85.024853
T_MKI67	ANXA1	11065	0.78752123	5200	46.995029
T_MKI67	CCL5	11065	1.9775869	7609	68.76638
T_MKI67	KLRB1	11065	0.34081129	2973	26.868504
T_MKI67	MKI67	11065	2.0201838	10083	91.125169
T_MKI67	RPL30	11065	2.8443151	10661	96.348848
T_Mito	NCAM1	16101	0.025446074	195	1.2111049
T_Mito	FCER1G	16101	0.037102516	262	1.6272281
T_Mito	KLRC1	16101	0.13837878	912	5.6642445
T_Mito	TYROBP	16101	0.065646995	450	2.7948575
T_Mito	CD3E	16101	1.5221001	9540	59.250978
T_Mito	CD4	16101	0.22586079	1667	10.353394
T_Mito	TNFRSF4	16101	0.42273598	2509	15.582883
T_Mito	CD8A	16101	0.79207526	4853	30.140985
T_Mito	CD8B	16101	0.40547173	2788	17.315695
T_Mito	FOXP3	16101	0.2134094	1430	8.8814359
T_Mito	IKZF2	16101	0.30423879	2071	12.862555
T_Mito	CCR7	16101	0.30593846	1933	12.005465
T_Mito	SELL	16101	0.31719357	2132	13.241414
T_Mito	TCF7	16101	0.21932047	1624	10.08633
T_Mito	IL7R	16101	1.4031469	7457	46.313894
T_Mito	PDCD1	16101	0.28557514	2050	12.732128
T_Mito	HAVCR2	16101	0.15853581	1126	6.9933545
T_Mito	ENTPD1	16101	0.31278722	2098	13.030247
T_Mito	TNFRSF9	16101	0.29107541	1921	11.930936
T_Mito	CXCL13	16101	0.27865812	1518	9.4279858
T_Mito	CST7	16101	0.90728038	5730	35.587852
T_Mito	GZMH	16101	0.44450061	2905	18.042358
T_Mito	GZMK	16101	0.65526613	3550	22.04832
T_Mito	GZMM	16101	0.40201569	2977	18.489535
T_Mito	IFNG	16101	0.28013076	1729	10.738463
T_Mito	PRF1	16101	0.51193722	3365	20.899323
T_Mito	KLRG1	16101	0.19483466	1396	8.6702689
T_Mito	NKG7	16101	1.0000209	5749	35.705857
T_Mito	GZMA	16101	0.87921492	5204	32.320974
T_Mito	CD101	16101	0.10097494	759	4.7139929
T_Mito	CXCR6	16101	0.46893907	3085	19.160301
T_Mito	CD69	16101	1.5406091	8677	53.891063
T_Mito	CX3CR1	16101	0.0050620037	40	0.24843177
T_Mito	ITGAE	16101	0.45390988	3088	19.178933
T_Mito	MT-ATP6	16101	3.1105637	14639	90.919819
T_Mito	MT-ND3	16101	2.3805277	12761	79.255947
T_Mito	ANXA1	16101	0.77522412	4771	29.6317
T_Mito	CCL5	16101	1.9425825	8949	55.580399
T_Mito	KLRB1	16101	0.28431127	1876	11.65145
T_Mito	MKI67	16101	0.040981853	286	1.7762872
T_Mito	RPL30	16101	2.5734553	12142	75.411465
T_Ribo	NCAM1	8102	0.0076422846	33	0.40730684
T_Ribo	FCER1G	8102	0.030586072	115	1.4194026
T_Ribo	KLRC1	8102	0.10958019	414	5.1098494
T_Ribo	TYROBP	8102	0.05214238	200	2.4685263
T_Ribo	CD3E	8102	2.1107342	6626	81.782276
T_Ribo	CD4	8102	0.22482452	991	12.231548
T_Ribo	TNFRSF4	8102	0.27584925	1045	12.89805
T_Ribo	CD8A	8102	0.86423291	2711	33.460874
T_Ribo	CD8B	8102	0.51408465	1896	23.401629
T_Ribo	FOXP3	8102	0.13841527	510	6.294742
T_Ribo	IKZF2	8102	0.11299551	455	5.6158973
T_Ribo	CCR7	8102	0.35571338	1386	17.106887
T_Ribo	SELL	8102	0.34949329	1380	17.032831
T_Ribo	TCF7	8102	0.31843447	1388	17.131572
T_Ribo	IL7R	8102	1.3865528	4021	49.629721
T_Ribo	PDCD1	8102	0.31366969	1274	15.724512
T_Ribo	HAVCR2	8102	0.11494279	445	5.492471
T_Ribo	ENTPD1	8102	0.17562969	655	8.0844236
T_Ribo	TNFRSF9	8102	0.1264769	491	6.060232
T_Ribo	CXCL13	8102	0.33593318	931	11.49099
T_Ribo	CST7	8102	1.2301194	4059	50.098741
T_Ribo	GZMH	8102	0.56315262	1948	24.043446
T_Ribo	GZMK	8102	0.74497215	2187	26.993335
T_Ribo	GZMM	8102	0.59757409	2525	31.165144
T_Ribo	IFNG	8102	0.25329635	908	11.207109
T_Ribo	PRF1	8102	0.51672264	1928	23.796593
T_Ribo	KLRG1	8102	0.18014368	765	9.4421131
T_Ribo	NKG7	8102	1.1506277	3292	40.631943
T_Ribo	GZMA	8102	1.1210472	3449	42.569736
T_Ribo	CD101	8102	0.066894868	302	3.7274747
T_Ribo	CXCR6	8102	0.46661738	1708	21.081215
T_Ribo	CD69	8102	1.2921791	4244	52.382128
T_Ribo	CX3CR1	8102	0.0031570625	14	0.17279684
T_Ribo	ITGAE	8102	0.3836842	1559	19.242162
T_Ribo	MT-ATP6	8102	1.2329266	3961	48.889163
T_Ribo	MT-ND3	8102	0.85714727	3078	37.99062
T_Ribo	ANXA1	8102	1.0426575	3505	43.260923
T_Ribo	CCL5	8102	2.1064594	4791	59.133547
T_Ribo	KLRB1	8102	0.56755272	1964	24.240928
T_Ribo	MKI67	8102	0.022671618	88	1.0861516
T_Ribo	RPL30	8102	3.844222	7870	97.13651
Treg_LTB	NCAM1	15682	0.014307308	129	0.82259916
Treg_LTB	FCER1G	15682	0.017559679	167	1.0649152
Treg_LTB	KLRC1	15682	0.0015965631	14	0.089274327
Treg_LTB	TYROBP	15682	0.024061263	238	1.5176636
Treg_LTB	CD3E	15682	2.0733004	13890	88.572886
Treg_LTB	CD4	15682	0.44312553	4383	27.949241
Treg_LTB	TNFRSF4	15682	1.2597176	8893	56.708328
Treg_LTB	CD8A	15682	0.029085078	236	1.5049101
Treg_LTB	CD8B	15682	0.013269855	122	0.77796199
Treg_LTB	FOXP3	15682	1.211672	9210	58.729754
Treg_LTB	IKZF2	15682	0.6153939	5615	35.805382
Treg_LTB	CCR7	15682	0.65997693	4902	31.258768
Treg_LTB	SELL	15682	0.95734083	7692	49.049866
Treg_LTB	TCF7	15682	0.12080747	1269	8.0920801
Treg_LTB	IL7R	15682	1.3576625	9392	59.89032
Treg_LTB	PDCD1	15682	0.14783031	1428	9.1059814
Treg_LTB	HAVCR2	15682	0.056345793	572	3.6474939
Treg_LTB	ENTPD1	15682	0.22769185	2167	13.818391
Treg_LTB	TNFRSF9	15682	0.5066529	4439	28.306338
Treg_LTB	CXCL13	15682	0.028670433	196	1.2498406
Treg_LTB	CST7	15682	0.86639068	7126	45.440633
Treg_LTB	GZMH	15682	0.019615021	159	1.0139013
Treg_LTB	GZMK	15682	0.055307418	398	2.5379416
Treg_LTB	GZMM	15682	0.30396743	2982	19.015432
Treg_LTB	IFNG	15682	0.02358589	197	1.2562173
Treg_LTB	PRF1	15682	0.14736708	1520	9.6926412
Treg_LTB	KLRG1	15682	0.030266435	331	2.1107002
Treg_LTB	NKG7	15682	0.040610792	337	2.1489606
Treg_LTB	GZMA	15682	0.091592332	764	4.8718276
Treg_LTB	CD101	15682	0.045935846	477	3.0417039
Treg_LTB	CXCR6	15682	0.53063884	4334	27.636781
Treg_LTB	CD69	15682	1.1233802	7881	50.25507
Treg_LTB	CX3CR1	15682	0.0032237786	33	0.21043234
Treg_LTB	ITGAE	15682	0.16638331	1711	10.910598
Treg_LTB	MT-ATP6	15682	2.0922742	13366	85.231476
Treg_LTB	MT-ND3	15682	1.6102142	11622	74.110445
Treg_LTB	ANXA1	15682	0.25496729	1822	11.618416
Treg_LTB	CCL5	15682	0.10349501	775	4.9419717
Treg_LTB	KLRB1	15682	0.2755544	2288	14.589976
Treg_LTB	MKI67	15682	0.010510499	110	0.70144114
Treg_LTB	RPL30	15682	3.6643833	15442	98.469583
Treg_TNFRSF4	NCAM1	30645	0.072728713	1809	5.9030837
Treg_TNFRSF4	FCER1G	30645	0.018729862	475	1.5500082
Treg_TNFRSF4	KLRC1	30645	0.013100091	333	1.0866373
Treg_TNFRSF4	TYROBP	30645	0.025338031	636	2.0753793
Treg_TNFRSF4	CD3E	30645	2.4036801	29844	97.386197
Treg_TNFRSF4	CD4	30645	0.78466422	17038	55.597977
Treg_TNFRSF4	TNFRSF4	30645	2.3786518	26774	87.368249
Treg_TNFRSF4	CD8A	30645	0.10223122	1793	5.8508729
Treg_TNFRSF4	CD8B	30645	0.049882718	1158	3.7787567
Treg_TNFRSF4	FOXP3	30645	1.9451051	26690	87.094143
Treg_TNFRSF4	IKZF2	30645	0.80230141	16533	53.950073
Treg_TNFRSF4	CCR7	30645	0.25562658	4546	14.834394
Treg_TNFRSF4	SELL	30645	0.81173413	16227	52.951542
Treg_TNFRSF4	TCF7	30645	0.051852672	1387	4.5260238
Treg_TNFRSF4	IL7R	30645	1.5384665	22020	71.855115
Treg_TNFRSF4	PDCD1	30645	0.27634415	6623	21.612008
Treg_TNFRSF4	HAVCR2	30645	0.18940917	5044	16.459455
Treg_TNFRSF4	ENTPD1	30645	0.63167607	12901	42.098222
Treg_TNFRSF4	TNFRSF9	30645	1.0593143	18625	60.776636
Treg_TNFRSF4	CXCL13	30645	0.058560267	901	2.9401207
Treg_TNFRSF4	CST7	30645	1.4819468	23090	75.346712
Treg_TNFRSF4	GZMH	30645	0.072528482	1522	4.9665525
Treg_TNFRSF4	GZMK	30645	0.067125564	1082	3.5307554
Treg_TNFRSF4	GZMM	30645	0.42877292	9865	32.191222
Treg_TNFRSF4	IFNG	30645	0.036407472	812	2.6496982
Treg_TNFRSF4	PRF1	30645	0.39551943	9312	30.386686
Treg_TNFRSF4	KLRG1	30645	0.032952173	948	3.09349
Treg_TNFRSF4	NKG7	30645	0.18754019	3307	10.79132
Treg_TNFRSF4	GZMA	30645	0.20769345	3523	11.496166
Treg_TNFRSF4	CD101	30645	0.054883039	1480	4.8294991
Treg_TNFRSF4	CXCR6	30645	1.3528117	21676	70.732583
Treg_TNFRSF4	CD69	30645	0.80702557	14068	45.906347
Treg_TNFRSF4	CX3CR1	30645	0.019546432	602	1.9644314
Treg_TNFRSF4	ITGAE	30645	0.3496139	8621	28.131832
Treg_TNFRSF4	MT-ATP6	30645	2.175115	28223	92.09659
Treg_TNFRSF4	MT-ND3	30645	1.7001458	25943	84.656551
Treg_TNFRSF4	ANXA1	30645	0.13277001	2524	8.2362539
Treg_TNFRSF4	CCL5	30645	0.21269563	2948	9.6198401
Treg_TNFRSF4	KLRB1	30645	0.27827388	5301	17.298091
Treg_TNFRSF4	MKI67	30645	0.022904122	649	2.1178006
Treg_TNFRSF4	RPL30	30645	3.3160357	30481	99.464839
