response	sample_type	clone_cat	celltype	n_cell	n_cell_total	cell_proportion	response_stype
R	pre	Contracted clones in cytotoxic clusters	CD8_ANXA1	140	9802	0.014282799428688023	R-pre
R	pre	Contracted clones in cytotoxic clusters	CD8_CCL5	685	9802	0.06988369720465211	R-pre
R	pre	Contracted clones in cytotoxic clusters	CD8_CX3CR1	9	9802	9.181799632728015e-4	R-pre
R	pre	Contracted clones in cytotoxic clusters	CD8_FOS	97	9802	0.009895939604162416	R-pre
R	pre	Contracted clones in cytotoxic clusters	CD8_GZMK	297	9802	0.03029993878800245	R-pre
R	pre	Contracted clones in cytotoxic clusters	CD8_KLRB1	479	9802	0.04886757804529688	R-pre
R	pre	Contracted clones in cytotoxic clusters	CD4_CXCL13	108	9802	0.011018159559273618	R-pre
R	pre	Contracted clones in cytotoxic clusters	CD8_CXCL13	5484	9802	0.5594776576208937	R-pre
R	pre	Contracted clones in cytotoxic clusters	CD8_TYMS	931	9802	0.09498061620077536	R-pre
R	pre	Contracted clones in cytotoxic clusters	T_MKI67	855	9802	0.08722709651091613	R-pre
R	pre	Contracted clones in cytotoxic clusters	Treg_TNFRSF4	6	9802	6.12119975515201e-4	R-pre
R	pre	Contracted clones in cytotoxic clusters	T_Mito	143	9802	0.014588859416445624	R-pre
R	pre	Contracted clones in cytotoxic clusters	CD4_KLRB1	128	9802	0.013058559477657621	R-pre
R	pre	Contracted clones in cytotoxic clusters	CD8_CD74	152	9802	0.015507039379718425	R-pre
R	pre	Contracted clones in cytotoxic clusters	CD8_IFIT1	186	9802	0.01897571924097123	R-pre
R	pre	Contracted clones in cytotoxic clusters	T_Ribo	102	9802	0.010406039583758417	R-pre
R	post	Contracted clones in cytotoxic clusters	CD8_ANXA1	21	496	0.04233870967741935	R-post
R	post	Contracted clones in cytotoxic clusters	CD8_CCL5	52	496	0.10483870967741936	R-post
R	post	Contracted clones in cytotoxic clusters	CD8_CX3CR1	1	496	0.0020161290322580645	R-post
R	post	Contracted clones in cytotoxic clusters	CD8_FOS	28	496	0.056451612903225805	R-post
R	post	Contracted clones in cytotoxic clusters	CD8_GZMK	48	496	0.0967741935483871	R-post
R	post	Contracted clones in cytotoxic clusters	CD8_KLRB1	10	496	0.020161290322580645	R-post
R	post	Contracted clones in cytotoxic clusters	CD4_CXCL13	1	496	0.0020161290322580645	R-post
R	post	Contracted clones in cytotoxic clusters	CD8_CXCL13	258	496	0.5201612903225806	R-post
R	post	Contracted clones in cytotoxic clusters	CD8_TYMS	2	496	0.004032258064516129	R-post
R	post	Contracted clones in cytotoxic clusters	T_MKI67	5	496	0.010080645161290322	R-post
R	post	Contracted clones in cytotoxic clusters	T_Mito	23	496	0.046370967741935484	R-post
R	post	Contracted clones in cytotoxic clusters	CD4_KLRB1	15	496	0.03024193548387097	R-post
R	post	Contracted clones in cytotoxic clusters	CD8_CD74	4	496	0.008064516129032258	R-post
R	post	Contracted clones in cytotoxic clusters	CD8_IFIT1	5	496	0.010080645161290322	R-post
R	post	Contracted clones in cytotoxic clusters	T_IL7R	11	496	0.02217741935483871	R-post
R	post	Contracted clones in cytotoxic clusters	T_Ribo	12	496	0.024193548387096774	R-post
NR	pre	Contracted clones in cytotoxic clusters	CD8_ANXA1	327	5319	0.06147772137619854	NR-pre
NR	pre	Contracted clones in cytotoxic clusters	CD8_CCL5	476	5319	0.08949050573416055	NR-pre
NR	pre	Contracted clones in cytotoxic clusters	CD8_CX3CR1	160	5319	0.03008084226358338	NR-pre
NR	pre	Contracted clones in cytotoxic clusters	CD8_FOS	299	5319	0.056213573980071443	NR-pre
NR	pre	Contracted clones in cytotoxic clusters	CD8_GZMK	655	5319	0.12314344801654446	NR-pre
NR	pre	Contracted clones in cytotoxic clusters	CD8_KLRB1	102	5319	0.019176536943034405	NR-pre
NR	pre	Contracted clones in cytotoxic clusters	CD4_CXCL13	27	5319	0.005076142131979695	NR-pre
NR	pre	Contracted clones in cytotoxic clusters	CD8_CXCL13	1998	5319	0.3756345177664975	NR-pre
NR	pre	Contracted clones in cytotoxic clusters	CD8_TYMS	363	5319	0.06824591088550479	NR-pre
NR	pre	Contracted clones in cytotoxic clusters	T_MKI67	321	5319	0.06034968979131416	NR-pre
NR	pre	Contracted clones in cytotoxic clusters	Treg_TNFRSF4	27	5319	0.005076142131979695	NR-pre
NR	pre	Contracted clones in cytotoxic clusters	T_Mito	81	5319	0.015228426395939087	NR-pre
NR	pre	Contracted clones in cytotoxic clusters	CD4_KLRB1	262	5319	0.04925737920661778	NR-pre
NR	pre	Contracted clones in cytotoxic clusters	CD8_CD74	52	5319	0.009776273735664599	NR-pre
NR	pre	Contracted clones in cytotoxic clusters	CD8_IFIT1	99	5319	0.018612521150592216	NR-pre
NR	pre	Contracted clones in cytotoxic clusters	T_IL7R	2	5319	3.7601052829479227e-4	NR-pre
NR	pre	Contracted clones in cytotoxic clusters	T_Ribo	61	5319	0.011468321112991163	NR-pre
NR	pre	Contracted clones in cytotoxic clusters	Treg_LTB	7	5319	0.0013160368490317729	NR-pre
NR	post	Contracted clones in cytotoxic clusters	CD8_ANXA1	25	1021	0.024485798237022526	NR-post
NR	post	Contracted clones in cytotoxic clusters	CD8_CCL5	53	1021	0.05190989226248776	NR-post
NR	post	Contracted clones in cytotoxic clusters	CD8_CX3CR1	16	1021	0.015670910871694418	NR-post
NR	post	Contracted clones in cytotoxic clusters	CD8_FOS	95	1021	0.0930460333006856	NR-post
NR	post	Contracted clones in cytotoxic clusters	CD8_GZMK	171	1021	0.16748285994123407	NR-post
NR	post	Contracted clones in cytotoxic clusters	CD8_KLRB1	15	1021	0.014691478942213516	NR-post
NR	post	Contracted clones in cytotoxic clusters	CD4_CXCL13	10	1021	0.009794319294809012	NR-post
NR	post	Contracted clones in cytotoxic clusters	CD8_CXCL13	447	1021	0.43780607247796277	NR-post
NR	post	Contracted clones in cytotoxic clusters	CD8_TYMS	61	1021	0.059745347698334964	NR-post
NR	post	Contracted clones in cytotoxic clusters	T_MKI67	34	1021	0.03330068560235064	NR-post
NR	post	Contracted clones in cytotoxic clusters	Treg_TNFRSF4	2	1021	0.0019588638589618022	NR-post
NR	post	Contracted clones in cytotoxic clusters	T_Mito	17	1021	0.01665034280117532	NR-post
NR	post	Contracted clones in cytotoxic clusters	CD4_KLRB1	22	1021	0.021547502448579822	NR-post
NR	post	Contracted clones in cytotoxic clusters	CD8_CD74	1	1021	9.794319294809011e-4	NR-post
NR	post	Contracted clones in cytotoxic clusters	CD8_IFIT1	18	1021	0.01762977473065622	NR-post
NR	post	Contracted clones in cytotoxic clusters	T_IL7R	3	1021	0.002938295788442703	NR-post
NR	post	Contracted clones in cytotoxic clusters	T_Ribo	28	1021	0.02742409402546523	NR-post
NR	post	Contracted clones in cytotoxic clusters	Treg_LTB	3	1021	0.002938295788442703	NR-post
R	pre	Contracted clones in exhausted clusters	CD8_ANXA1	132	10313	0.012799379424027925	R-pre
R	pre	Contracted clones in exhausted clusters	CD8_CCL5	676	10313	0.06554833705032483	R-pre
R	pre	Contracted clones in exhausted clusters	CD8_CX3CR1	8	10313	7.757199650926016e-4	R-pre
R	pre	Contracted clones in exhausted clusters	CD8_FOS	85	10313	0.008242024629108892	R-pre
R	pre	Contracted clones in exhausted clusters	CD8_GZMK	248	10313	0.02404731891787065	R-pre
R	pre	Contracted clones in exhausted clusters	CD8_KLRB1	398	10313	0.03859206826335693	R-pre
R	pre	Contracted clones in exhausted clusters	CD4_CXCL13	201	10313	0.019489964122951616	R-pre
R	pre	Contracted clones in exhausted clusters	CD8_CXCL13	5730	10313	0.5556094249975759	R-pre
R	pre	Contracted clones in exhausted clusters	CD8_TYMS	987	10313	0.09570445069329972	R-pre
R	pre	Contracted clones in exhausted clusters	T_MKI67	907	10313	0.0879472510423737	R-pre
R	pre	Contracted clones in exhausted clusters	Treg_TNFRSF4	94	10313	0.009114709589838068	R-pre
R	pre	Contracted clones in exhausted clusters	T_Mito	152	10313	0.01473867933675943	R-pre
R	pre	Contracted clones in exhausted clusters	CD4_KLRB1	237	10313	0.02298070396586832	R-pre
R	pre	Contracted clones in exhausted clusters	CD8_CD74	154	10313	0.01493260932803258	R-pre
R	pre	Contracted clones in exhausted clusters	CD8_IFIT1	184	10313	0.017841559197129837	R-pre
R	pre	Contracted clones in exhausted clusters	T_IL7R	4	10313	3.878599825463008e-4	R-pre
R	pre	Contracted clones in exhausted clusters	T_Ribo	99	10313	0.009599534568020944	R-pre
R	pre	Contracted clones in exhausted clusters	Treg_LTB	17	10313	0.0016484049258217784	R-pre
R	post	Contracted clones in exhausted clusters	CD8_ANXA1	21	492	0.042682926829268296	R-post
R	post	Contracted clones in exhausted clusters	CD8_CCL5	49	492	0.09959349593495935	R-post
R	post	Contracted clones in exhausted clusters	CD8_CX3CR1	1	492	0.0020325203252032522	R-post
R	post	Contracted clones in exhausted clusters	CD8_FOS	20	492	0.04065040650406504	R-post
R	post	Contracted clones in exhausted clusters	CD8_GZMK	36	492	0.07317073170731707	R-post
R	post	Contracted clones in exhausted clusters	CD8_KLRB1	7	492	0.014227642276422764	R-post
R	post	Contracted clones in exhausted clusters	CD4_CXCL13	5	492	0.01016260162601626	R-post
R	post	Contracted clones in exhausted clusters	CD8_CXCL13	263	492	0.5345528455284553	R-post
R	post	Contracted clones in exhausted clusters	CD8_TYMS	2	492	0.0040650406504065045	R-post
R	post	Contracted clones in exhausted clusters	T_MKI67	5	492	0.01016260162601626	R-post
R	post	Contracted clones in exhausted clusters	T_Mito	25	492	0.0508130081300813	R-post
R	post	Contracted clones in exhausted clusters	CD4_KLRB1	26	492	0.052845528455284556	R-post
R	post	Contracted clones in exhausted clusters	CD8_CD74	4	492	0.008130081300813009	R-post
R	post	Contracted clones in exhausted clusters	CD8_IFIT1	5	492	0.01016260162601626	R-post
R	post	Contracted clones in exhausted clusters	T_IL7R	13	492	0.026422764227642278	R-post
R	post	Contracted clones in exhausted clusters	T_Ribo	10	492	0.02032520325203252	R-post
NR	pre	Contracted clones in exhausted clusters	CD8_ANXA1	230	5133	0.04480810442236509	NR-pre
NR	pre	Contracted clones in exhausted clusters	CD8_CCL5	392	5133	0.07636859536333528	NR-pre
NR	pre	Contracted clones in exhausted clusters	CD8_CX3CR1	32	5133	0.006234171050068186	NR-pre
NR	pre	Contracted clones in exhausted clusters	CD8_FOS	141	5133	0.027469316189362946	NR-pre
NR	pre	Contracted clones in exhausted clusters	CD8_GZMK	318	5133	0.061952074810052604	NR-pre
NR	pre	Contracted clones in exhausted clusters	CD8_KLRB1	91	5133	0.017728423923631404	NR-pre
NR	pre	Contracted clones in exhausted clusters	CD4_CXCL13	73	5133	0.01422170270796805	NR-pre
NR	pre	Contracted clones in exhausted clusters	CD8_CXCL13	2192	5133	0.42704071692967077	NR-pre
NR	pre	Contracted clones in exhausted clusters	CD8_TYMS	412	5133	0.0802649522696279	NR-pre
NR	pre	Contracted clones in exhausted clusters	T_MKI67	379	5133	0.07383596337424508	NR-pre
NR	pre	Contracted clones in exhausted clusters	Treg_TNFRSF4	203	5133	0.03954802259887006	NR-pre
NR	pre	Contracted clones in exhausted clusters	T_Mito	62	5133	0.01207870640950711	NR-pre
NR	pre	Contracted clones in exhausted clusters	CD4_KLRB1	394	5133	0.07675823105396454	NR-pre
NR	pre	Contracted clones in exhausted clusters	CD8_CD74	55	5133	0.010714981492304695	NR-pre
NR	pre	Contracted clones in exhausted clusters	CD8_IFIT1	80	5133	0.015585427625170466	NR-pre
NR	pre	Contracted clones in exhausted clusters	T_IL7R	7	5133	0.0013637249172024158	NR-pre
NR	pre	Contracted clones in exhausted clusters	T_Ribo	49	5133	0.00954607442041691	NR-pre
NR	pre	Contracted clones in exhausted clusters	Treg_LTB	23	5133	0.004480810442236509	NR-pre
NR	post	Contracted clones in exhausted clusters	CD8_ANXA1	18	940	0.019148936170212766	NR-post
NR	post	Contracted clones in exhausted clusters	CD8_CCL5	45	940	0.047872340425531915	NR-post
NR	post	Contracted clones in exhausted clusters	CD8_CX3CR1	6	940	0.006382978723404255	NR-post
NR	post	Contracted clones in exhausted clusters	CD8_FOS	60	940	0.06382978723404255	NR-post
NR	post	Contracted clones in exhausted clusters	CD8_GZMK	123	940	0.13085106382978723	NR-post
NR	post	Contracted clones in exhausted clusters	CD8_KLRB1	15	940	0.015957446808510637	NR-post
NR	post	Contracted clones in exhausted clusters	CD4_CXCL13	11	940	0.011702127659574468	NR-post
NR	post	Contracted clones in exhausted clusters	CD8_CXCL13	451	940	0.4797872340425532	NR-post
NR	post	Contracted clones in exhausted clusters	CD8_TYMS	62	940	0.06595744680851064	NR-post
NR	post	Contracted clones in exhausted clusters	T_MKI67	37	940	0.039361702127659576	NR-post
NR	post	Contracted clones in exhausted clusters	Treg_TNFRSF4	10	940	0.010638297872340425	NR-post
NR	post	Contracted clones in exhausted clusters	T_Mito	18	940	0.019148936170212766	NR-post
NR	post	Contracted clones in exhausted clusters	CD4_KLRB1	32	940	0.03404255319148936	NR-post
NR	post	Contracted clones in exhausted clusters	CD8_CD74	1	940	0.0010638297872340426	NR-post
NR	post	Contracted clones in exhausted clusters	CD8_IFIT1	17	940	0.018085106382978722	NR-post
NR	post	Contracted clones in exhausted clusters	T_IL7R	3	940	0.0031914893617021275	NR-post
NR	post	Contracted clones in exhausted clusters	T_Ribo	25	940	0.026595744680851064	NR-post
NR	post	Contracted clones in exhausted clusters	Treg_LTB	6	940	0.006382978723404255	NR-post
R	pre	Expanded clones in cytotoxic clusters	CD8_ANXA1	136	1041	0.13064361191162344	R-pre
R	pre	Expanded clones in cytotoxic clusters	CD8_CCL5	293	1041	0.2814601344860711	R-pre
R	pre	Expanded clones in cytotoxic clusters	CD8_CX3CR1	80	1041	0.07684918347742556	R-pre
R	pre	Expanded clones in cytotoxic clusters	CD8_FOS	104	1041	0.09990393852065321	R-pre
R	pre	Expanded clones in cytotoxic clusters	CD8_GZMK	196	1041	0.1882804995196926	R-pre
R	pre	Expanded clones in cytotoxic clusters	CD8_KLRB1	3	1041	0.002881844380403458	R-pre
R	pre	Expanded clones in cytotoxic clusters	CD8_CXCL13	68	1041	0.06532180595581172	R-pre
R	pre	Expanded clones in cytotoxic clusters	CD8_TYMS	26	1041	0.024975984630163303	R-pre
R	pre	Expanded clones in cytotoxic clusters	T_MKI67	34	1041	0.03266090297790586	R-pre
R	pre	Expanded clones in cytotoxic clusters	T_Mito	20	1041	0.01921229586935639	R-pre
R	pre	Expanded clones in cytotoxic clusters	CD4_KLRB1	14	1041	0.013448607108549471	R-pre
R	pre	Expanded clones in cytotoxic clusters	CD8_CD74	10	1041	0.009606147934678195	R-pre
R	pre	Expanded clones in cytotoxic clusters	CD8_IFIT1	50	1041	0.04803073967339097	R-pre
R	pre	Expanded clones in cytotoxic clusters	T_IL7R	2	1041	0.0019212295869356388	R-pre
R	pre	Expanded clones in cytotoxic clusters	T_Ribo	5	1041	0.004803073967339097	R-pre
R	post	Expanded clones in cytotoxic clusters	CD8_ANXA1	705	4508	0.15638864241348713	R-post
R	post	Expanded clones in cytotoxic clusters	CD8_CCL5	695	4508	0.154170363797693	R-post
R	post	Expanded clones in cytotoxic clusters	CD8_CX3CR1	234	4508	0.051907719609582965	R-post
R	post	Expanded clones in cytotoxic clusters	CD8_FOS	671	4508	0.14884649511978704	R-post
R	post	Expanded clones in cytotoxic clusters	CD8_GZMK	851	4508	0.18877551020408162	R-post
R	post	Expanded clones in cytotoxic clusters	CD8_KLRB1	22	4508	0.0048802129547471165	R-post
R	post	Expanded clones in cytotoxic clusters	CD4_CXCL13	9	4508	0.001996450754214729	R-post
R	post	Expanded clones in cytotoxic clusters	CD8_CXCL13	427	4508	0.09472049689440994	R-post
R	post	Expanded clones in cytotoxic clusters	CD8_TYMS	31	4508	0.006876663708961846	R-post
R	post	Expanded clones in cytotoxic clusters	T_MKI67	28	4508	0.006211180124223602	R-post
R	post	Expanded clones in cytotoxic clusters	Treg_TNFRSF4	4	4508	8.873114463176575e-4	R-post
R	post	Expanded clones in cytotoxic clusters	T_Mito	234	4508	0.051907719609582965	R-post
R	post	Expanded clones in cytotoxic clusters	CD4_KLRB1	282	4508	0.06255545696539486	R-post
R	post	Expanded clones in cytotoxic clusters	CD8_CD74	44	4508	0.009760425909494233	R-post
R	post	Expanded clones in cytotoxic clusters	CD8_IFIT1	21	4508	0.004658385093167702	R-post
R	post	Expanded clones in cytotoxic clusters	T_IL7R	30	4508	0.006654835847382431	R-post
R	post	Expanded clones in cytotoxic clusters	T_Ribo	219	4508	0.048580301685891746	R-post
R	post	Expanded clones in cytotoxic clusters	Treg_LTB	1	4508	2.2182786157941438e-4	R-post
NR	pre	Expanded clones in cytotoxic clusters	CD8_ANXA1	80	1906	0.04197271773347324	NR-pre
NR	pre	Expanded clones in cytotoxic clusters	CD8_CCL5	121	1906	0.06348373557187828	NR-pre
NR	pre	Expanded clones in cytotoxic clusters	CD8_CX3CR1	79	1906	0.041448058761804824	NR-pre
NR	pre	Expanded clones in cytotoxic clusters	CD8_FOS	87	1906	0.04564533053515215	NR-pre
NR	pre	Expanded clones in cytotoxic clusters	CD8_GZMK	98	1906	0.05141657922350472	NR-pre
NR	pre	Expanded clones in cytotoxic clusters	CD8_KLRB1	12	1906	0.0062959076600209865	NR-pre
NR	pre	Expanded clones in cytotoxic clusters	CD4_CXCL13	12	1906	0.0062959076600209865	NR-pre
NR	pre	Expanded clones in cytotoxic clusters	CD8_CXCL13	1027	1906	0.5388247639034628	NR-pre
NR	pre	Expanded clones in cytotoxic clusters	CD8_TYMS	132	1906	0.06925498426023086	NR-pre
NR	pre	Expanded clones in cytotoxic clusters	T_MKI67	100	1906	0.05246589716684155	NR-pre
NR	pre	Expanded clones in cytotoxic clusters	Treg_TNFRSF4	5	1906	0.0026232948583420775	NR-pre
NR	pre	Expanded clones in cytotoxic clusters	T_Mito	24	1906	0.012591815320041973	NR-pre
NR	pre	Expanded clones in cytotoxic clusters	CD4_KLRB1	29	1906	0.015215110178384051	NR-pre
NR	pre	Expanded clones in cytotoxic clusters	CD8_CD74	47	1906	0.02465897166841553	NR-pre
NR	pre	Expanded clones in cytotoxic clusters	CD8_IFIT1	34	1906	0.017838405036726127	NR-pre
NR	pre	Expanded clones in cytotoxic clusters	T_IL7R	2	1906	0.001049317943336831	NR-pre
NR	pre	Expanded clones in cytotoxic clusters	T_Ribo	16	1906	0.008394543546694649	NR-pre
NR	pre	Expanded clones in cytotoxic clusters	Treg_LTB	1	1906	5.246589716684155e-4	NR-pre
NR	post	Expanded clones in cytotoxic clusters	CD8_ANXA1	505	9948	0.05076397265782067	NR-post
NR	post	Expanded clones in cytotoxic clusters	CD8_CCL5	1363	9948	0.13701246481704865	NR-post
NR	post	Expanded clones in cytotoxic clusters	CD8_CX3CR1	102	9948	0.010253317249698432	NR-post
NR	post	Expanded clones in cytotoxic clusters	CD8_FOS	430	9948	0.04322476879774829	NR-post
NR	post	Expanded clones in cytotoxic clusters	CD8_GZMK	750	9948	0.07539203860072376	NR-post
NR	post	Expanded clones in cytotoxic clusters	CD8_KLRB1	74	9948	0.007438681141938078	NR-post
NR	post	Expanded clones in cytotoxic clusters	CD4_CXCL13	66	9948	0.0066344993968636915	NR-post
NR	post	Expanded clones in cytotoxic clusters	CD8_CXCL13	3638	9948	0.3657016485725774	NR-post
NR	post	Expanded clones in cytotoxic clusters	CD8_TYMS	897	9948	0.09016887816646563	NR-post
NR	post	Expanded clones in cytotoxic clusters	T_MKI67	716	9948	0.07197426618415761	NR-post
NR	post	Expanded clones in cytotoxic clusters	Treg_TNFRSF4	7	9948	7.036590269400884e-4	NR-post
NR	post	Expanded clones in cytotoxic clusters	T_Mito	493	9948	0.04955770004020909	NR-post
NR	post	Expanded clones in cytotoxic clusters	CD4_KLRB1	287	9948	0.028850020104543628	NR-post
NR	post	Expanded clones in cytotoxic clusters	CD8_CD74	85	9948	0.00854443104141536	NR-post
NR	post	Expanded clones in cytotoxic clusters	CD8_IFIT1	167	9948	0.016787293928427826	NR-post
NR	post	Expanded clones in cytotoxic clusters	T_IL7R	12	9948	0.0012062726176115801	NR-post
NR	post	Expanded clones in cytotoxic clusters	T_Ribo	353	9948	0.03548451950140732	NR-post
NR	post	Expanded clones in cytotoxic clusters	Treg_LTB	3	9948	3.0156815440289503e-4	NR-post
R	pre	Expanded clones in exhausted clusters	CD8_ANXA1	69	749	0.09212283044058744	R-pre
R	pre	Expanded clones in exhausted clusters	CD8_CCL5	252	749	0.3364485981308411	R-pre
R	pre	Expanded clones in exhausted clusters	CD8_CX3CR1	30	749	0.04005340453938585	R-pre
R	pre	Expanded clones in exhausted clusters	CD8_FOS	40	749	0.0534045393858478	R-pre
R	pre	Expanded clones in exhausted clusters	CD8_GZMK	92	749	0.12283044058744993	R-pre
R	pre	Expanded clones in exhausted clusters	CD4_CXCL13	5	749	0.006675567423230975	R-pre
R	pre	Expanded clones in exhausted clusters	CD8_CXCL13	86	749	0.11481975967957277	R-pre
R	pre	Expanded clones in exhausted clusters	CD8_TYMS	33	749	0.044058744993324434	R-pre
R	pre	Expanded clones in exhausted clusters	T_MKI67	37	749	0.049399198931909215	R-pre
R	pre	Expanded clones in exhausted clusters	Treg_TNFRSF4	18	749	0.02403204272363151	R-pre
R	pre	Expanded clones in exhausted clusters	T_Mito	13	749	0.017356475300400534	R-pre
R	pre	Expanded clones in exhausted clusters	CD4_KLRB1	19	749	0.025367156208277702	R-pre
R	pre	Expanded clones in exhausted clusters	CD8_CD74	10	749	0.01335113484646195	R-pre
R	pre	Expanded clones in exhausted clusters	CD8_IFIT1	37	749	0.049399198931909215	R-pre
R	pre	Expanded clones in exhausted clusters	T_IL7R	2	749	0.0026702269692923898	R-pre
R	pre	Expanded clones in exhausted clusters	T_Ribo	3	749	0.004005340453938585	R-pre
R	pre	Expanded clones in exhausted clusters	Treg_LTB	3	749	0.004005340453938585	R-pre
R	post	Expanded clones in exhausted clusters	CD8_ANXA1	273	2902	0.09407305306685045	R-post
R	post	Expanded clones in exhausted clusters	CD8_CCL5	458	2902	0.1578221915920055	R-post
R	post	Expanded clones in exhausted clusters	CD8_CX3CR1	48	2902	0.016540317022742935	R-post
R	post	Expanded clones in exhausted clusters	CD8_FOS	298	2902	0.10268780151619572	R-post
R	post	Expanded clones in exhausted clusters	CD8_GZMK	396	2902	0.13645761543762921	R-post
R	post	Expanded clones in exhausted clusters	CD4_CXCL13	61	2902	0.02101998621640248	R-post
R	post	Expanded clones in exhausted clusters	CD8_CXCL13	512	2902	0.17643004824259131	R-post
R	post	Expanded clones in exhausted clusters	CD8_TYMS	35	2902	0.012060647829083391	R-post
R	post	Expanded clones in exhausted clusters	T_MKI67	38	2902	0.013094417643004824	R-post
R	post	Expanded clones in exhausted clusters	Treg_TNFRSF4	152	2902	0.052377670572019294	R-post
R	post	Expanded clones in exhausted clusters	T_Mito	137	2902	0.04720882150241213	R-post
R	post	Expanded clones in exhausted clusters	CD4_KLRB1	277	2902	0.0954514128187457	R-post
R	post	Expanded clones in exhausted clusters	CD8_CD74	28	2902	0.009648518263266712	R-post
R	post	Expanded clones in exhausted clusters	CD8_IFIT1	8	2902	0.0027567195037904893	R-post
R	post	Expanded clones in exhausted clusters	T_IL7R	23	2902	0.007925568573397657	R-post
R	post	Expanded clones in exhausted clusters	T_Ribo	132	2902	0.04548587181254307	R-post
R	post	Expanded clones in exhausted clusters	Treg_LTB	26	2902	0.00895933838731909	R-post
NR	pre	Expanded clones in exhausted clusters	CD8_ANXA1	50	1809	0.027639579878385848	NR-pre
NR	pre	Expanded clones in exhausted clusters	CD8_CCL5	100	1809	0.055279159756771695	NR-pre
NR	pre	Expanded clones in exhausted clusters	CD8_CX3CR1	42	1809	0.02321724709784411	NR-pre
NR	pre	Expanded clones in exhausted clusters	CD8_FOS	54	1809	0.029850746268656716	NR-pre
NR	pre	Expanded clones in exhausted clusters	CD8_GZMK	59	1809	0.0326147042564953	NR-pre
NR	pre	Expanded clones in exhausted clusters	CD8_KLRB1	7	1809	0.003869541182974019	NR-pre
NR	pre	Expanded clones in exhausted clusters	CD4_CXCL13	25	1809	0.013819789939192924	NR-pre
NR	pre	Expanded clones in exhausted clusters	CD8_CXCL13	1029	1809	0.5688225538971807	NR-pre
NR	pre	Expanded clones in exhausted clusters	CD8_TYMS	133	1809	0.07352128247650636	NR-pre
NR	pre	Expanded clones in exhausted clusters	T_MKI67	103	1809	0.056937534549474846	NR-pre
NR	pre	Expanded clones in exhausted clusters	Treg_TNFRSF4	52	1809	0.028745163073521283	NR-pre
NR	pre	Expanded clones in exhausted clusters	T_Mito	26	1809	0.014372581536760642	NR-pre
NR	pre	Expanded clones in exhausted clusters	CD4_KLRB1	36	1809	0.01990049751243781	NR-pre
NR	pre	Expanded clones in exhausted clusters	CD8_CD74	45	1809	0.024875621890547265	NR-pre
NR	pre	Expanded clones in exhausted clusters	CD8_IFIT1	26	1809	0.014372581536760642	NR-pre
NR	pre	Expanded clones in exhausted clusters	T_IL7R	1	1809	5.52791597567717e-4	NR-pre
NR	pre	Expanded clones in exhausted clusters	T_Ribo	16	1809	0.008844665561083471	NR-pre
NR	pre	Expanded clones in exhausted clusters	Treg_LTB	5	1809	0.002763957987838585	NR-pre
NR	post	Expanded clones in exhausted clusters	CD8_ANXA1	385	9835	0.03914590747330961	NR-post
NR	post	Expanded clones in exhausted clusters	CD8_CCL5	1273	9835	0.12943568886629384	NR-post
NR	post	Expanded clones in exhausted clusters	CD8_CX3CR1	51	9835	0.005185561769191663	NR-post
NR	post	Expanded clones in exhausted clusters	CD8_FOS	293	9835	0.029791560752414844	NR-post
NR	post	Expanded clones in exhausted clusters	CD8_GZMK	468	9835	0.04758515505846467	NR-post
NR	post	Expanded clones in exhausted clusters	CD8_KLRB1	65	9835	0.0066090493136756485	NR-post
NR	post	Expanded clones in exhausted clusters	CD4_CXCL13	209	9835	0.02125063548551093	NR-post
NR	post	Expanded clones in exhausted clusters	CD8_CXCL13	3685	9835	0.3746822572445348	NR-post
NR	post	Expanded clones in exhausted clusters	CD8_TYMS	941	9835	0.09567869852567361	NR-post
NR	post	Expanded clones in exhausted clusters	T_MKI67	760	9835	0.07727503812913065	NR-post
NR	post	Expanded clones in exhausted clusters	Treg_TNFRSF4	244	9835	0.024809354346720894	NR-post
NR	post	Expanded clones in exhausted clusters	T_Mito	466	9835	0.047381799694966954	NR-post
NR	post	Expanded clones in exhausted clusters	CD4_KLRB1	379	9835	0.038535841382816474	NR-post
NR	post	Expanded clones in exhausted clusters	CD8_CD74	88	9835	0.008947635993899338	NR-post
NR	post	Expanded clones in exhausted clusters	CD8_IFIT1	154	9835	0.015658362989323844	NR-post
NR	post	Expanded clones in exhausted clusters	T_IL7R	8	9835	8.13421453990849e-4	NR-post
NR	post	Expanded clones in exhausted clusters	T_Ribo	323	9835	0.03284189120488053	NR-post
NR	post	Expanded clones in exhausted clusters	Treg_LTB	43	9835	0.004372140315200813	NR-post
